[{"model": "admin.logentry", "pk": 1, "fields": {"action_time": "2020-12-31T06:28:04.636Z", "user": 1, "content_type": 7, "object_id": "1", "object_repr": "Food", "action_flag": 1, "change_message": "[{\"added\": {}}]"}}, {"model": "admin.logentry", "pk": 2, "fields": {"action_time": "2021-01-08T04:05:32.324Z", "user": 1, "content_type": 8, "object_id": "1", "object_repr": "admin", "action_flag": 1, "change_message": "[{\"added\": {}}]"}}, {"model": "admin.logentry", "pk": 3, "fields": {"action_time": "2021-01-08T04:05:41.571Z", "user": 1, "content_type": 8, "object_id": "2", "object_repr": "user", "action_flag": 1, "change_message": "[{\"added\": {}}]"}}, {"model": "admin.logentry", "pk": 4, "fields": {"action_time": "2021-01-08T06:53:03.641Z", "user": 1, "content_type": 4, "object_id": "2", "object_repr": "user1", "action_flag": 3, "change_message": ""}}, {"model": "admin.logentry", "pk": 5, "fields": {"action_time": "2021-01-22T01:51:50.401Z", "user": 1, "content_type": 10, "object_id": "1", "object_repr": "user login", "action_flag": 1, "change_message": "[{\"added\": {}}]"}}, {"model": "admin.logentry", "pk": 6, "fields": {"action_time": "2021-01-22T01:52:56.336Z", "user": 1, "content_type": 10, "object_id": "2", "object_repr": "about", "action_flag": 1, "change_message": "[{\"added\": {}}]"}}, {"model": "admin.logentry", "pk": 7, "fields": {"action_time": "2021-01-22T01:53:35.553Z", "user": 1, "content_type": 10, "object_id": "3", "object_repr": "Create Category", "action_flag": 1, "change_message": "[{\"added\": {}}]"}}, {"model": "admin.logentry", "pk": 8, "fields": {"action_time": "2021-01-22T02:10:38.822Z", "user": 1, "content_type": 10, "object_id": "4", "object_repr": "user logout", "action_flag": 1, "change_message": "[{\"added\": {}}]"}}, {"model": "admin.logentry", "pk": 9, "fields": {"action_time": "2021-01-22T02:11:03.855Z", "user": 1, "content_type": 10, "object_id": "5", "object_repr": "register", "action_flag": 1, "change_message": "[{\"added\": {}}]"}}, {"model": "admin.logentry", "pk": 10, "fields": {"action_time": "2021-01-22T02:40:09.997Z", "user": 1, "content_type": 10, "object_id": "1", "object_repr": "user login", "action_flag": 2, "change_message": "[{\"changed\": {\"fields\": [\"Url\"]}}]"}}, {"model": "admin.logentry", "pk": 11, "fields": {"action_time": "2021-02-01T00:57:06.166Z", "user": 1, "content_type": 10, "object_id": "6", "object_repr": "Create Film Genre", "action_flag": 1, "change_message": "[{\"added\": {}}]"}}, {"model": "admin.logentry", "pk": 12, "fields": {"action_time": "2021-02-01T03:38:01.977Z", "user": 1, "content_type": 10, "object_id": "7", "object_repr": "List Film Genres", "action_flag": 1, "change_message": "[{\"added\": {}}]"}}, {"model": "admin.logentry", "pk": 13, "fields": {"action_time": "2021-03-01T09:17:40.808Z", "user": 1, "content_type": 10, "object_id": "8", "object_repr": "Leave us a message", "action_flag": 1, "change_message": "[{\"added\": {}}]"}}, {"model": "admin.logentry", "pk": 14, "fields": {"action_time": "2021-03-02T08:18:23.825Z", "user": 1, "content_type": 15, "object_id": "3", "object_repr": "rhubarb pie", "action_flag": 3, "change_message": ""}}, {"model": "admin.logentry", "pk": 15, "fields": {"action_time": "2021-03-02T08:18:32.263Z", "user": 1, "content_type": 15, "object_id": "2", "object_repr": "apple", "action_flag": 3, "change_message": ""}}, {"model": "admin.logentry", "pk": 16, "fields": {"action_time": "2021-03-02T08:18:32.355Z", "user": 1, "content_type": 15, "object_id": "1", "object_repr": "apple pie", "action_flag": 3, "change_message": ""}}, {"model": "admin.logentry", "pk": 17, "fields": {"action_time": "2021-03-02T09:03:59.856Z", "user": 1, "content_type": 15, "object_id": "5", "object_repr": "rhubarb pie", "action_flag": 3, "change_message": ""}}, {"model": "admin.logentry", "pk": 18, "fields": {"action_time": "2021-03-02T09:04:00.084Z", "user": 1, "content_type": 15, "object_id": "4", "object_repr": "apple", "action_flag": 3, "change_message": ""}}, {"model": "admin.logentry", "pk": 19, "fields": {"action_time": "2021-03-03T01:54:15.833Z", "user": 1, "content_type": 15, "object_id": "2", "object_repr": "rhubarb pie", "action_flag": 3, "change_message": ""}}, {"model": "admin.logentry", "pk": 20, "fields": {"action_time": "2021-03-03T01:54:22.564Z", "user": 1, "content_type": 15, "object_id": "1", "object_repr": "apple pie", "action_flag": 3, "change_message": ""}}, {"model": "admin.logentry", "pk": 21, "fields": {"action_time": "2021-03-04T06:09:53.060Z", "user": 1, "content_type": 16, "object_id": "1", "object_repr": "chicken pie", "action_flag": 3, "change_message": ""}}, {"model": "admin.logentry", "pk": 22, "fields": {"action_time": "2021-03-16T03:22:45.340Z", "user": 1, "content_type": 10, "object_id": "9", "object_repr": "Product List", "action_flag": 1, "change_message": "[{\"added\": {}}]"}}, {"model": "auth.permission", "pk": 1, "fields": {"name": "Can add log entry", "content_type": 1, "codename": "add_logentry"}}, {"model": "auth.permission", "pk": 2, "fields": {"name": "Can change log entry", "content_type": 1, "codename": "change_logentry"}}, {"model": "auth.permission", "pk": 3, "fields": {"name": "Can delete log entry", "content_type": 1, "codename": "delete_logentry"}}, {"model": "auth.permission", "pk": 4, "fields": {"name": "Can view log entry", "content_type": 1, "codename": "view_logentry"}}, {"model": "auth.permission", "pk": 5, "fields": {"name": "Can add permission", "content_type": 2, "codename": "add_permission"}}, {"model": "auth.permission", "pk": 6, "fields": {"name": "Can change permission", "content_type": 2, "codename": "change_permission"}}, {"model": "auth.permission", "pk": 7, "fields": {"name": "Can delete permission", "content_type": 2, "codename": "delete_permission"}}, {"model": "auth.permission", "pk": 8, "fields": {"name": "Can view permission", "content_type": 2, "codename": "view_permission"}}, {"model": "auth.permission", "pk": 9, "fields": {"name": "Can add group", "content_type": 3, "codename": "add_group"}}, {"model": "auth.permission", "pk": 10, "fields": {"name": "Can change group", "content_type": 3, "codename": "change_group"}}, {"model": "auth.permission", "pk": 11, "fields": {"name": "Can delete group", "content_type": 3, "codename": "delete_group"}}, {"model": "auth.permission", "pk": 12, "fields": {"name": "Can view group", "content_type": 3, "codename": "view_group"}}, {"model": "auth.permission", "pk": 13, "fields": {"name": "Can add user", "content_type": 4, "codename": "add_user"}}, {"model": "auth.permission", "pk": 14, "fields": {"name": "Can change user", "content_type": 4, "codename": "change_user"}}, {"model": "auth.permission", "pk": 15, "fields": {"name": "Can delete user", "content_type": 4, "codename": "delete_user"}}, {"model": "auth.permission", "pk": 16, "fields": {"name": "Can view user", "content_type": 4, "codename": "view_user"}}, {"model": "auth.permission", "pk": 17, "fields": {"name": "Can add content type", "content_type": 5, "codename": "add_contenttype"}}, {"model": "auth.permission", "pk": 18, "fields": {"name": "Can change content type", "content_type": 5, "codename": "change_contenttype"}}, {"model": "auth.permission", "pk": 19, "fields": {"name": "Can delete content type", "content_type": 5, "codename": "delete_contenttype"}}, {"model": "auth.permission", "pk": 20, "fields": {"name": "Can view content type", "content_type": 5, "codename": "view_contenttype"}}, {"model": "auth.permission", "pk": 21, "fields": {"name": "Can add session", "content_type": 6, "codename": "add_session"}}, {"model": "auth.permission", "pk": 22, "fields": {"name": "Can change session", "content_type": 6, "codename": "change_session"}}, {"model": "auth.permission", "pk": 23, "fields": {"name": "Can delete session", "content_type": 6, "codename": "delete_session"}}, {"model": "auth.permission", "pk": 24, "fields": {"name": "Can view session", "content_type": 6, "codename": "view_session"}}, {"model": "auth.permission", "pk": 25, "fields": {"name": "Can add category", "content_type": 7, "codename": "add_category"}}, {"model": "auth.permission", "pk": 26, "fields": {"name": "Can change category", "content_type": 7, "codename": "change_category"}}, {"model": "auth.permission", "pk": 27, "fields": {"name": "Can delete category", "content_type": 7, "codename": "delete_category"}}, {"model": "auth.permission", "pk": 28, "fields": {"name": "Can view category", "content_type": 7, "codename": "view_category"}}, {"model": "auth.permission", "pk": 29, "fields": {"name": "Can add user_type", "content_type": 8, "codename": "add_user_type"}}, {"model": "auth.permission", "pk": 30, "fields": {"name": "Can change user_type", "content_type": 8, "codename": "change_user_type"}}, {"model": "auth.permission", "pk": 31, "fields": {"name": "Can delete user_type", "content_type": 8, "codename": "delete_user_type"}}, {"model": "auth.permission", "pk": 32, "fields": {"name": "Can view user_type", "content_type": 8, "codename": "view_user_type"}}, {"model": "auth.permission", "pk": 33, "fields": {"name": "Can add user profile", "content_type": 9, "codename": "add_userprofile"}}, {"model": "auth.permission", "pk": 34, "fields": {"name": "Can change user profile", "content_type": 9, "codename": "change_userprofile"}}, {"model": "auth.permission", "pk": 35, "fields": {"name": "Can delete user profile", "content_type": 9, "codename": "delete_userprofile"}}, {"model": "auth.permission", "pk": 36, "fields": {"name": "Can view user profile", "content_type": 9, "codename": "view_userprofile"}}, {"model": "auth.permission", "pk": 37, "fields": {"name": "Can add menu items", "content_type": 10, "codename": "add_menuitems"}}, {"model": "auth.permission", "pk": 38, "fields": {"name": "Can change menu items", "content_type": 10, "codename": "change_menuitems"}}, {"model": "auth.permission", "pk": 39, "fields": {"name": "Can delete menu items", "content_type": 10, "codename": "delete_menuitems"}}, {"model": "auth.permission", "pk": 40, "fields": {"name": "Can view menu items", "content_type": 10, "codename": "view_menuitems"}}, {"model": "auth.permission", "pk": 41, "fields": {"name": "Can add film", "content_type": 11, "codename": "add_film"}}, {"model": "auth.permission", "pk": 42, "fields": {"name": "Can change film", "content_type": 11, "codename": "change_film"}}, {"model": "auth.permission", "pk": 43, "fields": {"name": "Can delete film", "content_type": 11, "codename": "delete_film"}}, {"model": "auth.permission", "pk": 44, "fields": {"name": "Can view film", "content_type": 11, "codename": "view_film"}}, {"model": "auth.permission", "pk": 45, "fields": {"name": "Can add film genre", "content_type": 12, "codename": "add_filmgenre"}}, {"model": "auth.permission", "pk": 46, "fields": {"name": "Can change film genre", "content_type": 12, "codename": "change_filmgenre"}}, {"model": "auth.permission", "pk": 47, "fields": {"name": "Can delete film genre", "content_type": 12, "codename": "delete_filmgenre"}}, {"model": "auth.permission", "pk": 48, "fields": {"name": "Can view film genre", "content_type": 12, "codename": "view_filmgenre"}}, {"model": "auth.permission", "pk": 49, "fields": {"name": "Can add language", "content_type": 13, "codename": "add_language"}}, {"model": "auth.permission", "pk": 50, "fields": {"name": "Can change language", "content_type": 13, "codename": "change_language"}}, {"model": "auth.permission", "pk": 51, "fields": {"name": "Can delete language", "content_type": 13, "codename": "delete_language"}}, {"model": "auth.permission", "pk": 52, "fields": {"name": "Can view language", "content_type": 13, "codename": "view_language"}}, {"model": "auth.permission", "pk": 53, "fields": {"name": "Can add message", "content_type": 14, "codename": "add_message"}}, {"model": "auth.permission", "pk": 54, "fields": {"name": "Can change message", "content_type": 14, "codename": "change_message"}}, {"model": "auth.permission", "pk": 55, "fields": {"name": "Can delete message", "content_type": 14, "codename": "delete_message"}}, {"model": "auth.permission", "pk": 56, "fields": {"name": "Can view message", "content_type": 14, "codename": "view_message"}}, {"model": "auth.permission", "pk": 57, "fields": {"name": "Can add product", "content_type": 15, "codename": "add_product"}}, {"model": "auth.permission", "pk": 58, "fields": {"name": "Can change product", "content_type": 15, "codename": "change_product"}}, {"model": "auth.permission", "pk": 59, "fields": {"name": "Can delete product", "content_type": 15, "codename": "delete_product"}}, {"model": "auth.permission", "pk": 60, "fields": {"name": "Can view product", "content_type": 15, "codename": "view_product"}}, {"model": "auth.permission", "pk": 61, "fields": {"name": "Can add product stock", "content_type": 16, "codename": "add_productstock"}}, {"model": "auth.permission", "pk": 62, "fields": {"name": "Can change product stock", "content_type": 16, "codename": "change_productstock"}}, {"model": "auth.permission", "pk": 63, "fields": {"name": "Can delete product stock", "content_type": 16, "codename": "delete_productstock"}}, {"model": "auth.permission", "pk": 64, "fields": {"name": "Can view product stock", "content_type": 16, "codename": "view_productstock"}}, {"model": "auth.permission", "pk": 65, "fields": {"name": "Can add order product", "content_type": 17, "codename": "add_orderproduct"}}, {"model": "auth.permission", "pk": 66, "fields": {"name": "Can change order product", "content_type": 17, "codename": "change_orderproduct"}}, {"model": "auth.permission", "pk": 67, "fields": {"name": "Can delete order product", "content_type": 17, "codename": "delete_orderproduct"}}, {"model": "auth.permission", "pk": 68, "fields": {"name": "Can view order product", "content_type": 17, "codename": "view_orderproduct"}}, {"model": "auth.permission", "pk": 69, "fields": {"name": "Can add order", "content_type": 18, "codename": "add_order"}}, {"model": "auth.permission", "pk": 70, "fields": {"name": "Can change order", "content_type": 18, "codename": "change_order"}}, {"model": "auth.permission", "pk": 71, "fields": {"name": "Can delete order", "content_type": 18, "codename": "delete_order"}}, {"model": "auth.permission", "pk": 72, "fields": {"name": "Can view order", "content_type": 18, "codename": "view_order"}}, {"model": "auth.permission", "pk": 73, "fields": {"name": "Can add product price", "content_type": 19, "codename": "add_productprice"}}, {"model": "auth.permission", "pk": 74, "fields": {"name": "Can change product price", "content_type": 19, "codename": "change_productprice"}}, {"model": "auth.permission", "pk": 75, "fields": {"name": "Can delete product price", "content_type": 19, "codename": "delete_productprice"}}, {"model": "auth.permission", "pk": 76, "fields": {"name": "Can view product price", "content_type": 19, "codename": "view_productprice"}}, {"model": "auth.permission", "pk": 77, "fields": {"name": "Can add album", "content_type": 20, "codename": "add_album"}}, {"model": "auth.permission", "pk": 78, "fields": {"name": "Can change album", "content_type": 20, "codename": "change_album"}}, {"model": "auth.permission", "pk": 79, "fields": {"name": "Can delete album", "content_type": 20, "codename": "delete_album"}}, {"model": "auth.permission", "pk": 80, "fields": {"name": "Can view album", "content_type": 20, "codename": "view_album"}}, {"model": "auth.permission", "pk": 81, "fields": {"name": "Can add track", "content_type": 21, "codename": "add_track"}}, {"model": "auth.permission", "pk": 82, "fields": {"name": "Can change track", "content_type": 21, "codename": "change_track"}}, {"model": "auth.permission", "pk": 83, "fields": {"name": "Can delete track", "content_type": 21, "codename": "delete_track"}}, {"model": "auth.permission", "pk": 84, "fields": {"name": "Can view track", "content_type": 21, "codename": "view_track"}}, {"model": "auth.permission", "pk": 85, "fields": {"name": "Can add product price min qty promotion", "content_type": 22, "codename": "add_productpriceminqtypromotion"}}, {"model": "auth.permission", "pk": 86, "fields": {"name": "Can change product price min qty promotion", "content_type": 22, "codename": "change_productpriceminqtypromotion"}}, {"model": "auth.permission", "pk": 87, "fields": {"name": "Can delete product price min qty promotion", "content_type": 22, "codename": "delete_productpriceminqtypromotion"}}, {"model": "auth.permission", "pk": 88, "fields": {"name": "Can view product price min qty promotion", "content_type": 22, "codename": "view_productpriceminqtypromotion"}}, {"model": "auth.permission", "pk": 89, "fields": {"name": "Can add cart header", "content_type": 23, "codename": "add_cartheader"}}, {"model": "auth.permission", "pk": 90, "fields": {"name": "Can change cart header", "content_type": 23, "codename": "change_cartheader"}}, {"model": "auth.permission", "pk": 91, "fields": {"name": "Can delete cart header", "content_type": 23, "codename": "delete_cartheader"}}, {"model": "auth.permission", "pk": 92, "fields": {"name": "Can view cart header", "content_type": 23, "codename": "view_cartheader"}}, {"model": "auth.permission", "pk": 93, "fields": {"name": "Can add cart line", "content_type": 24, "codename": "add_cartline"}}, {"model": "auth.permission", "pk": 94, "fields": {"name": "Can change cart line", "content_type": 24, "codename": "change_cartline"}}, {"model": "auth.permission", "pk": 95, "fields": {"name": "Can delete cart line", "content_type": 24, "codename": "delete_cartline"}}, {"model": "auth.permission", "pk": 96, "fields": {"name": "Can view cart line", "content_type": 24, "codename": "view_cartline"}}, {"model": "auth.user", "pk": 1, "fields": {"password": "pbkdf2_sha256$216000$hFuWgRaAFxd2$Nsx35iPy5bTfbkcLcbpuKn1Qce5HzjhNvoDOrdnE73g=", "last_login": "2021-03-29T03:17:30.395Z", "is_superuser": true, "username": "user", "first_name": "", "last_name": "", "email": "user@gmail.com", "is_staff": true, "is_active": true, "date_joined": "2020-12-31T06:19:40.311Z", "groups": [], "user_permissions": []}}, {"model": "auth.user", "pk": 3, "fields": {"password": "pbkdf2_sha256$216000$gaYBNneSWcmG$pJFHsaMFgOgU+46tx0owrO2tBa3t14bdqnKCftgVD/Q=", "last_login": "2021-03-29T10:11:35.378Z", "is_superuser": false, "username": "user1", "first_name": "", "last_name": "", "email": "user1@gmail.com", "is_staff": false, "is_active": true, "date_joined": "2021-01-08T06:59:59.684Z", "groups": [], "user_permissions": []}}, {"model": "auth.user", "pk": 4, "fields": {"password": "pbkdf2_sha256$216000$KknM5hDXkpII$IxLQKDIwDpGHnQRyF+UNdieWCbYMWR0y8u33LWuyAGg=", "last_login": null, "is_superuser": false, "username": "thunderdriver", "first_name": "", "last_name": "", "email": "george_choy@yahoo.com", "is_staff": false, "is_active": true, "date_joined": "2021-03-18T02:46:45.465Z", "groups": [], "user_permissions": []}}, {"model": "auth.user", "pk": 5, "fields": {"password": "pbkdf2_sha256$216000$4lMRGqf4hliM$zhpsXqMi47K13N5n5BttstMImkrPRvKUrAsgvIVUto4=", "last_login": "2021-03-29T10:12:08.222Z", "is_superuser": false, "username": "user1a", "first_name": "", "last_name": "", "email": "user1@gmail.com", "is_staff": false, "is_active": true, "date_joined": "2021-03-18T02:47:48.123Z", "groups": [], "user_permissions": []}}, {"model": "auth.user", "pk": 6, "fields": {"password": "pbkdf2_sha256$216000$bi2R99XMTG0v$ZUNodMOdm6XYET5ltdpi7kyJzpSHCkHvKRcWIyGkIxA=", "last_login": "2021-03-18T02:48:59.196Z", "is_superuser": false, "username": "user1b", "first_name": "", "last_name": "", "email": "user1@gmail.com", "is_staff": false, "is_active": true, "date_joined": "2021-03-18T02:48:58.643Z", "groups": [], "user_permissions": []}}, {"model": "contenttypes.contenttype", "pk": 1, "fields": {"app_label": "admin", "model": "logentry"}}, {"model": "contenttypes.contenttype", "pk": 2, "fields": {"app_label": "auth", "model": "permission"}}, {"model": "contenttypes.contenttype", "pk": 3, "fields": {"app_label": "auth", "model": "group"}}, {"model": "contenttypes.contenttype", "pk": 4, "fields": {"app_label": "auth", "model": "user"}}, {"model": "contenttypes.contenttype", "pk": 5, "fields": {"app_label": "contenttypes", "model": "contenttype"}}, {"model": "contenttypes.contenttype", "pk": 6, "fields": {"app_label": "sessions", "model": "session"}}, {"model": "contenttypes.contenttype", "pk": 7, "fields": {"app_label": "TheApp", "model": "category"}}, {"model": "contenttypes.contenttype", "pk": 8, "fields": {"app_label": "TheApp", "model": "user_type"}}, {"model": "contenttypes.contenttype", "pk": 9, "fields": {"app_label": "TheApp", "model": "userprofile"}}, {"model": "contenttypes.contenttype", "pk": 10, "fields": {"app_label": "TheApp", "model": "menuitems"}}, {"model": "contenttypes.contenttype", "pk": 11, "fields": {"app_label": "TheApp", "model": "film"}}, {"model": "contenttypes.contenttype", "pk": 12, "fields": {"app_label": "TheApp", "model": "filmgenre"}}, {"model": "contenttypes.contenttype", "pk": 13, "fields": {"app_label": "TheApp", "model": "language"}}, {"model": "contenttypes.contenttype", "pk": 14, "fields": {"app_label": "TheApp", "model": "message"}}, {"model": "contenttypes.contenttype", "pk": 15, "fields": {"app_label": "TheApp", "model": "product"}}, {"model": "contenttypes.contenttype", "pk": 16, "fields": {"app_label": "TheApp", "model": "productstock"}}, {"model": "contenttypes.contenttype", "pk": 17, "fields": {"app_label": "TheApp", "model": "orderproduct"}}, {"model": "contenttypes.contenttype", "pk": 18, "fields": {"app_label": "TheApp", "model": "order"}}, {"model": "contenttypes.contenttype", "pk": 19, "fields": {"app_label": "TheApp", "model": "productprice"}}, {"model": "contenttypes.contenttype", "pk": 20, "fields": {"app_label": "TheApp", "model": "album"}}, {"model": "contenttypes.contenttype", "pk": 21, "fields": {"app_label": "TheApp", "model": "track"}}, {"model": "contenttypes.contenttype", "pk": 22, "fields": {"app_label": "TheApp", "model": "productpriceminqtypromotion"}}, {"model": "contenttypes.contenttype", "pk": 23, "fields": {"app_label": "TheApp", "model": "cartheader"}}, {"model": "contenttypes.contenttype", "pk": 24, "fields": {"app_label": "TheApp", "model": "cartline"}}, {"model": "sessions.session", "pk": "0zrqhqprw4j9j9ucead3nr79ymsckycf", "fields": {"session_data": "e30:1lN7wT:0WNvql2Jlo8RdNBFPJogYJmF0IN0Cur9ORcuxN3R7v0", "expire_date": "2021-04-02T05:45:01.922Z"}}, {"model": "sessions.session", "pk": "aokk7qa58btoo9o4ak9wifq61wwkrrze", "fields": {"session_data": "e30:1lN4Qk:hae5COxTvGtsZ6yCLVF1FR2XVJyKQTEingZXg8Fb8N4", "expire_date": "2021-04-02T02:00:02.104Z"}}, {"model": "sessions.session", "pk": "cwdfcd1d39qguixs92m92xbwbm7kwdwn", "fields": {"session_data": ".eJxVjDsOwjAQBe_iGlnxZ-MNJT1nsNbZNQ4gR4qTCnF3iJQC2jcz76UibWuJW5MlTqzOCtTpd0s0PqTugO9Ub7Me57ouU9K7og_a9HVmeV4O9--gUCvfOvfkkW0ScYSEwIA4BHYkwQYR7oLxXQaE7IyzPmUa0GAmE6xj6JN6fwD0lDfp:1lQosS:yWZRBazRui7vOp2QOxmVS55VOANc480kXUKnS2-8344", "expire_date": "2021-04-12T10:12:08.244Z"}}, {"model": "sessions.session", "pk": "d49m034wrvi3rhkbj532sfjip8nfgdpa", "fields": {"session_data": "e30:1lN4Qc:XbW_xZqbWAgTgUU8odtjsj6BCMP1_D84KDeFoi0JCvM", "expire_date": "2021-04-02T01:59:54.184Z"}}, {"model": "sessions.session", "pk": "f4ri1df68yn5glxfual0njdx6p92lp03", "fields": {"session_data": "e30:1lN7uB:z4lFU8jeUIoRXLfL30T-lb5U9aEAVoIZBz930-bZNs8", "expire_date": "2021-04-02T05:42:39.385Z"}}, {"model": "sessions.session", "pk": "ffkytrejaowcxz4f5j1ye32m6s4ms0et", "fields": {"session_data": "e30:1lN7vA:_GqXv6VaoCha9_RnqQ-XSyDHth9Imdr-LngfpHrREn8", "expire_date": "2021-04-02T05:43:40.045Z"}}, {"model": "sessions.session", "pk": "kuxwpa02lwl44lhlcd5qwyd9cyzvs3dt", "fields": {"session_data": "e30:1lN8Gp:-JKGQUAxrDL_wzAKJoppy-tu5vQCaccykJaPxuWNWWU", "expire_date": "2021-04-02T06:06:03.265Z"}}, {"model": "sessions.session", "pk": "l4maj0uz15tlxyxe5lo9pq1gk7v97228", "fields": {"session_data": "e30:1lN4Xd:l2BuWHNfpzofxip2BBNU7Q6OX23WXIPPljNYpZtr8RE", "expire_date": "2021-04-02T02:07:09.547Z"}}, {"model": "sessions.session", "pk": "lysyt4yu6tkde40lhw7th55d8ij8upcd", "fields": {"session_data": "e30:1lN7wY:Ulh8jK50BvtT4wcvyMOva-N2ghGyr9SbRHz06e9312g", "expire_date": "2021-04-02T05:45:06.015Z"}}, {"model": "sessions.session", "pk": "o5w35ochan61f0jc71bqy42qsdi3rij4", "fields": {"session_data": "e30:1lN7sz:xHQII-D0WHNEY2xsgXJCDQjXdpRCvrvM8L-Hzn3jbwc", "expire_date": "2021-04-02T05:41:25.794Z"}}, {"model": "sessions.session", "pk": "pak6b7dmgojlcjm4l4tmcepyptk4qtg5", "fields": {"session_data": "e30:1lN4Qg:pPsUoTpcZgkHbOiL8LYOnfnBA8ANqPOwKxHEqzAL9K8", "expire_date": "2021-04-02T01:59:58.339Z"}}, {"model": "sessions.session", "pk": "pzkveda37xkmpe0r9finedtgp09nbul6", "fields": {"session_data": "e30:1lN8Gj:brwWjwn_xwztMgg20jrPBbSIzYpvsUjQs5h-vWRjgx0", "expire_date": "2021-04-02T06:05:57.508Z"}}, {"model": "sessions.session", "pk": "rdod8ab62as6w5bfcuy8goq8g87bc0ih", "fields": {"session_data": "e30:1lN7vS:qkqpKhv6PCDpo0cuj0BkV7UIiCPwjbqwDRJgWvppRPQ", "expire_date": "2021-04-02T05:43:58.959Z"}}, {"model": "sessions.session", "pk": "sjt0rj2bs5p07p0e5g957qss36wfvyeu", "fields": {"session_data": ".eJxVjLEOAiEQRP-F2hBxCbtY2vsNZBdQTg0kx11l_He55Aptpph5b94q8LqUsPY8hympswJ1-O2E4zPXbUgPrvemY6vLPIneEL2vXV9byq_Lzv4dFO5l2HQSNAaQkCGDjWJJwLAnAnbsLDpCsp54JHkw7og2idwwOhpWUp8vrtU2gg:1l6psm:kUgusMI84WU4rkNcr56ugYQhHMWODnYNG_uNtw6Ze10", "expire_date": "2021-02-16T07:13:52.861Z"}}, {"model": "sessions.session", "pk": "snkfpsds1qws6zw2dngiqx6koyt65cw3", "fields": {"session_data": "e30:1lN8Gz:R6p-VTszZJ7bfM1ySxnZWHeMPMra-wilCBUz758NBb8", "expire_date": "2021-04-02T06:06:13.623Z"}}, {"model": "sessions.session", "pk": "uj2fsibi06e38phheg7xmsd3sv72ib2w", "fields": {"session_data": "e30:1lN4Oi:YVdPSu-jMP1krdS2cDnm4zAc0HgejZnA8MQpfoID8wQ", "expire_date": "2021-04-02T01:57:56.908Z"}}, {"model": "sessions.session", "pk": "xgmpzjvt3ffzgq89odcbsc6g3ndzmyoj", "fields": {"session_data": "e30:1lN8Gu:NZXkoZE0FzSkbD9YkMmDaONyEsRhrU27SLMLAd3DJfU", "expire_date": "2021-04-02T06:06:08.196Z"}}, {"model": "sessions.session", "pk": "xpuitj4mdgnd3rwg0eo5c8rucfd3es0p", "fields": {"session_data": "e30:1lN7vc:5QGtjtxhEhfX-H65XfQcS7lVN3uUVFZTENh5t1hg_Q4", "expire_date": "2021-04-02T05:44:08.170Z"}}, {"model": "sessions.session", "pk": "z4zb421ttlzdhcqtz3wj0pcmjmi72oqv", "fields": {"session_data": "e30:1lN4My:QmO8KBeClQxL_pc2DpcNXZwWnzL47Pq4GtiRc30GOUQ", "expire_date": "2021-04-02T01:56:08.733Z"}}, {"model": "sessions.session", "pk": "z76717l16c2bj4z5n7ldeffnhl8xrnvr", "fields": {"session_data": "e30:1lN7sl:nnahlvu25yaBSf6a-cMRMixi_YEv3bGnhreUS31ek-Y", "expire_date": "2021-04-02T05:41:11.322Z"}}, {"model": "TheApp.category", "pk": 1, "fields": {"name": "Food", "views": 0, "likes": 1, "slug": "food", "required": false}}, {"model": "TheApp.category", "pk": 2, "fields": {"name": "cars", "views": 0, "likes": 0, "slug": "cars", "required": null}}, {"model": "TheApp.category", "pk": 3, "fields": {"name": "Animals", "views": 0, "likes": 0, "slug": "animals", "required": null}}, {"model": "TheApp.category", "pk": 4, "fields": {"name": "bikes", "views": 0, "likes": 0, "slug": "bikes", "required": null}}, {"model": "TheApp.category", "pk": 5, "fields": {"name": "plants", "views": 0, "likes": 0, "slug": "plants", "required": null}}, {"model": "TheApp.category", "pk": 6, "fields": {"name": "fungi", "views": 0, "likes": 0, "slug": "fungi", "required": null}}, {"model": "TheApp.category", "pk": 7, "fields": {"name": "rolling stones", "views": 0, "likes": 6, "slug": "rolling-stones", "required": null}}, {"model": "TheApp.category", "pk": 8, "fields": {"name": "planes", "views": 0, "likes": 0, "slug": "planes", "required": null}}, {"model": "TheApp.category", "pk": 9, "fields": {"name": "pens", "views": 0, "likes": 1, "slug": "pens", "required": true}}, {"model": "TheApp.userprofile", "pk": 1, "fields": {"user": 3, "user_type": "user"}}, {"model": "TheApp.userprofile", "pk": 2, "fields": {"user": 4, "user_type": "user"}}, {"model": "TheApp.userprofile", "pk": 3, "fields": {"user": 5, "user_type": "user"}}, {"model": "TheApp.userprofile", "pk": 4, "fields": {"user": 6, "user_type": "user"}}, {"model": "TheApp.user_type", "pk": 1, "fields": {"name": "admin", "slug": "admin"}}, {"model": "TheApp.user_type", "pk": 2, "fields": {"name": "user", "slug": "user"}}, {"model": "TheApp.menuitems", "pk": 1, "fields": {"name": "user login", "slug": "user-login", "url": "user_login_call", "app": "TheApp", "authenticated_only": false}}, {"model": "TheApp.menuitems", "pk": 2, "fields": {"name": "about", "slug": "about", "url": "about", "app": "TheApp", "authenticated_only": false}}, {"model": "TheApp.menuitems", "pk": 3, "fields": {"name": "Create Category", "slug": "create-category", "url": "CreateCategory", "app": "TheApp", "authenticated_only": true}}, {"model": "TheApp.menuitems", "pk": 4, "fields": {"name": "user logout", "slug": "user-logout", "url": "user_logout", "app": "TheApp", "authenticated_only": true}}, {"model": "TheApp.menuitems", "pk": 5, "fields": {"name": "register", "slug": "register", "url": "register", "app": "TheApp", "authenticated_only": false}}, {"model": "TheApp.menuitems", "pk": 6, "fields": {"name": "Create Film Genre", "slug": "create-film-genre", "url": "CreateFilmGenre", "app": "TheApp", "authenticated_only": true}}, {"model": "TheApp.menuitems", "pk": 7, "fields": {"name": "List Film Genres", "slug": "list-film-genres", "url": "FilmGenreListView", "app": "TheApp", "authenticated_only": true}}, {"model": "TheApp.menuitems", "pk": 8, "fields": {"name": "Leave us a message", "slug": "leave-us-a-message", "url": "CreateMessage", "app": "TheApp", "authenticated_only": false}}, {"model": "TheApp.menuitems", "pk": 9, "fields": {"name": "Product List", "slug": "product-list", "url": "ProductList", "app": "TheApp", "authenticated_only": false}}, {"model": "TheApp.film", "pk": 1, "fields": {"name": "Logan's Run", "slug": "logans-run", "genre": "science fiction", "language": "Chinese"}}, {"model": "TheApp.film", "pk": 2, "fields": {"name": "2001", "slug": "2001", "genre": "science fiction", "language": "English"}}, {"model": "TheApp.film", "pk": 3, "fields": {"name": "rambo", "slug": "rambo", "genre": "action", "language": "English"}}, {"model": "TheApp.film", "pk": 4, "fields": {"name": "Star Wars", "slug": "star-wars", "genre": "science fiction", "language": "English"}}, {"model": "TheApp.film", "pk": 5, "fields": {"name": "my girl", "slug": "my-girl", "genre": "romance", "language": "English"}}, {"model": "TheApp.film", "pk": 6, "fields": {"name": "Un bout de soufle", "slug": "un-bout-de-soufle", "genre": "romance", "language": "French"}}, {"model": "TheApp.film", "pk": 7, "fields": {"name": "Aces go places", "slug": "aces-go-places", "genre": "action", "language": "Chinese"}}, {"model": "TheApp.film", "pk": 8, "fields": {"name": "cannonball run", "slug": "cannonball-run", "genre": "action", "language": "English"}}, {"model": "TheApp.filmgenre", "pk": 1, "fields": {"name": "action", "slug": "action"}}, {"model": "TheApp.filmgenre", "pk": 2, "fields": {"name": "science fiction", "slug": "science-fiction"}}, {"model": "TheApp.filmgenre", "pk": 3, "fields": {"name": "romance", "slug": "romance"}}, {"model": "TheApp.language", "pk": 1, "fields": {"name": "English", "slug": "english"}}, {"model": "TheApp.language", "pk": 2, "fields": {"name": "Chinese", "slug": "chinese"}}, {"model": "TheApp.language", "pk": 3, "fields": {"name": "French", "slug": "french"}}, {"model": "TheApp.message", "pk": 1, "fields": {"name": "user1", "userPk": 3, "date": "2021-02-27", "text": "fg", "email": "a@mail.com"}}, {"model": "TheApp.message", "pk": 2, "fields": {"name": "user1", "userPk": 3, "date": "2021-02-27", "text": "dg", "email": "a@mail.com"}}, {"model": "TheApp.message", "pk": 3, "fields": {"name": "Logan's Run", "userPk": 0, "date": "2021-02-27", "text": "fhg", "email": "a@mail.com"}}, {"model": "TheApp.message", "pk": 4, "fields": {"name": "user", "userPk": 1, "date": "2021-03-01", "text": "fhh", "email": "a@mail.com"}}, {"model": "TheApp.message", "pk": 5, "fields": {"name": "Aces go places", "userPk": 0, "date": "2021-03-01", "text": "gg", "email": "a@mail.com"}}, {"model": "TheApp.message", "pk": 6, "fields": {"name": "register", "userPk": 0, "date": "2021-03-01", "text": "fgf", "email": "a@mail.com"}}, {"model": "TheApp.message", "pk": 7, "fields": {"name": "user1", "userPk": 3, "date": "2021-03-01", "text": "ggg", "email": "a@mail.com"}}, {"model": "TheApp.message", "pk": 8, "fields": {"name": "user1", "userPk": 3, "date": "2021-03-01", "text": "ggg", "email": "a@mail.com"}}, {"model": "TheApp.message", "pk": 9, "fields": {"name": "gg", "userPk": 0, "date": "2021-03-01", "text": "gg", "email": "a@mail.com"}}, {"model": "TheApp.message", "pk": 10, "fields": {"name": "g", "userPk": 0, "date": "2021-03-01", "text": "ggg", "email": "a@mail.com"}}, {"model": "TheApp.message", "pk": 11, "fields": {"name": "user1", "userPk": 3, "date": "2021-03-01", "text": "ppp", "email": "a@mail.com"}}, {"model": "TheApp.message", "pk": 12, "fields": {"name": "apple", "userPk": 0, "date": "2021-03-01", "text": "kk", "email": "a@mail.com"}}, {"model": "TheApp.message", "pk": 13, "fields": {"name": "Choy Kar Wai", "userPk": 0, "date": "2021-03-01", "text": "gg", "email": "choykarwai@gmail.com"}}, {"model": "TheApp.message", "pk": 14, "fields": {"name": "user1", "userPk": 3, "date": "2021-03-01", "text": "hello", "email": "user1@gmail.com"}}, {"model": "TheApp.message", "pk": 15, "fields": {"name": "d23", "userPk": 0, "date": "2021-03-01", "text": "dd", "email": "user1@gmail.com"}}, {"model": "TheApp.product", "pk": 1, "fields": {"category": 1, "name": "apple pie", "likes": 3, "user": 1}}, {"model": "TheApp.product", "pk": 2, "fields": {"category": 1, "name": "chicken pie", "likes": 0, "user": 1}}, {"model": "TheApp.product", "pk": 3, "fields": {"category": 1, "name": "chicken pie", "likes": 0, "user": null}}, {"model": "TheApp.product", "pk": 4, "fields": {"category": 1, "name": "beef pie", "likes": 0, "user": null}}, {"model": "TheApp.product", "pk": 5, "fields": {"category": 1, "name": "fish pie", "likes": 0, "user": 1}}, {"model": "TheApp.product", "pk": 6, "fields": {"category": 1, "name": "cheese pie", "likes": 0, "user": 1}}, {"model": "TheApp.product", "pk": 7, "fields": {"category": 1, "name": "strawberry pie", "likes": 0, "user": 1}}, {"model": "TheApp.product", "pk": 8, "fields": {"category": 1, "name": "curry pie", "likes": 0, "user": 1}}, {"model": "TheApp.product", "pk": 9, "fields": {"category": 1, "name": "strawberry", "likes": 1, "user": 1}}, {"model": "TheApp.product", "pk": 10, "fields": {"category": 1, "name": "apple pie2", "likes": 1, "user": 1}}, {"model": "TheApp.product", "pk": 11, "fields": {"category": 1, "name": "apple pie3", "likes": 0, "user": 1}}, {"model": "TheApp.product", "pk": 12, "fields": {"category": 1, "name": "apple pie6", "likes": 0, "user": 1}}, {"model": "TheApp.product", "pk": 13, "fields": {"category": 1, "name": "apple pie1a", "likes": 0, "user": 1}}, {"model": "TheApp.product", "pk": 14, "fields": {"category": 1, "name": "apple pie9a", "likes": 0, "user": 1}}, {"model": "TheApp.product", "pk": 15, "fields": {"category": 1, "name": "apple pie15", "likes": 2, "user": 1}}, {"model": "TheApp.product", "pk": 16, "fields": {"category": 4, "name": "d1", "likes": 1, "user": 1}}, {"model": "TheApp.product", "pk": 17, "fields": {"category": 4, "name": "grifter", "likes": 4, "user": 1}}, {"model": "TheApp.product", "pk": 18, "fields": {"category": 1, "name": "apple pie7ab", "likes": 8, "user": 1}}, {"model": "TheApp.product", "pk": 19, "fields": {"category": 1, "name": "apple pie15a", "likes": 21, "user": 1}}, {"model": "TheApp.product", "pk": 20, "fields": {"category": 1, "name": "apple pie11aa", "likes": 0, "user": 1}}, {"model": "TheApp.product", "pk": 21, "fields": {"category": 1, "name": "apple pie", "likes": 0, "user": 1}}, {"model": "TheApp.product", "pk": 22, "fields": {"category": 1, "name": "apple pie", "likes": 0, "user": 1}}, {"model": "TheApp.product", "pk": 23, "fields": {"category": 1, "name": "apple pie", "likes": 0, "user": 1}}, {"model": "TheApp.product", "pk": 24, "fields": {"category": 1, "name": "apple pie11a", "likes": 0, "user": 1}}, {"model": "TheApp.product", "pk": 25, "fields": {"category": 1, "name": "apple pie11aab", "likes": 0, "user": 1}}, {"model": "TheApp.product", "pk": 26, "fields": {"category": 1, "name": "apple pie12ab", "likes": 0, "user": 1}}, {"model": "TheApp.product", "pk": 27, "fields": {"category": 1, "name": "apple pie11ac", "likes": 0, "user": 1}}, {"model": "TheApp.product", "pk": 28, "fields": {"category": 1, "name": "apple pie11ad", "likes": 1, "user": 1}}, {"model": "TheApp.product", "pk": 29, "fields": {"category": 1, "name": "apple pie11ae", "likes": 1, "user": 1}}, {"model": "TheApp.product", "pk": 30, "fields": {"category": 1, "name": "apple pie11af", "likes": 0, "user": 1}}, {"model": "TheApp.product", "pk": 31, "fields": {"category": 1, "name": "apple pie12ac", "likes": 0, "user": 1}}, {"model": "TheApp.product", "pk": 32, "fields": {"category": 1, "name": "apple pie12ad", "likes": 0, "user": 1}}, {"model": "TheApp.product", "pk": 33, "fields": {"category": 1, "name": "apple pie12ae", "likes": 0, "user": 1}}, {"model": "TheApp.product", "pk": 34, "fields": {"category": 1, "name": "apple pie20210308a", "likes": 0, "user": 1}}, {"model": "TheApp.product", "pk": 35, "fields": {"category": 1, "name": "apple pie20210308b", "likes": 0, "user": 1}}, {"model": "TheApp.product", "pk": 36, "fields": {"category": 1, "name": "apple pie20210308d", "likes": 0, "user": 1}}, {"model": "TheApp.product", "pk": 37, "fields": {"category": 1, "name": "apple pie20210308e", "likes": 0, "user": 1}}, {"model": "TheApp.product", "pk": 38, "fields": {"category": 1, "name": "apple pie20210308e", "likes": 0, "user": 1}}, {"model": "TheApp.product", "pk": 39, "fields": {"category": 1, "name": "apple pie20210308f", "likes": 0, "user": 1}}, {"model": "TheApp.product", "pk": 40, "fields": {"category": 1, "name": "apple pie20210308g", "likes": 0, "user": 1}}, {"model": "TheApp.product", "pk": 41, "fields": {"category": 1, "name": "apple", "likes": 0, "user": 1}}, {"model": "TheApp.product", "pk": 42, "fields": {"category": 1, "name": "apple pie20210308h", "likes": 0, "user": 1}}, {"model": "TheApp.product", "pk": 43, "fields": {"category": 1, "name": "apple pie20210308i", "likes": 0, "user": 1}}, {"model": "TheApp.product", "pk": 44, "fields": {"category": 1, "name": "apple", "likes": 0, "user": 1}}, {"model": "TheApp.product", "pk": 45, "fields": {"category": 1, "name": "apple", "likes": 0, "user": 1}}, {"model": "TheApp.product", "pk": 46, "fields": {"category": 1, "name": "apple", "likes": 0, "user": 1}}, {"model": "TheApp.product", "pk": 47, "fields": {"category": 1, "name": "apple", "likes": 0, "user": 1}}, {"model": "TheApp.product", "pk": 48, "fields": {"category": 1, "name": "apple", "likes": 0, "user": 1}}, {"model": "TheApp.product", "pk": 49, "fields": {"category": 1, "name": "apple", "likes": 0, "user": 1}}, {"model": "TheApp.product", "pk": 50, "fields": {"category": 1, "name": "apple", "likes": 0, "user": 1}}, {"model": "TheApp.product", "pk": 51, "fields": {"category": 1, "name": "apple", "likes": 0, "user": 1}}, {"model": "TheApp.product", "pk": 52, "fields": {"category": 1, "name": "apple", "likes": 0, "user": 1}}, {"model": "TheApp.product", "pk": 53, "fields": {"category": 1, "name": "apple", "likes": 0, "user": 1}}, {"model": "TheApp.product", "pk": 54, "fields": {"category": 1, "name": "apple pie20210310a", "likes": 0, "user": 1}}, {"model": "TheApp.product", "pk": 55, "fields": {"category": 1, "name": "apple pie20210310b", "likes": 0, "user": 1}}, {"model": "TheApp.product", "pk": 56, "fields": {"category": 1, "name": "apple pie20210310c", "likes": 0, "user": 1}}, {"model": "TheApp.product", "pk": 57, "fields": {"category": 1, "name": "apple pie20210310d", "likes": 0, "user": 1}}, {"model": "TheApp.product", "pk": 58, "fields": {"category": 1, "name": "apple pie20210310e", "likes": 1, "user": 1}}, {"model": "TheApp.product", "pk": 59, "fields": {"category": 1, "name": "apple pie", "likes": 1, "user": 1}}, {"model": "TheApp.product", "pk": 60, "fields": {"category": 1, "name": "apple pie", "likes": 0, "user": 1}}, {"model": "TheApp.product", "pk": 61, "fields": {"category": 1, "name": "apple pie", "likes": 0, "user": 1}}, {"model": "TheApp.product", "pk": 62, "fields": {"category": 1, "name": "apple pie", "likes": 0, "user": 1}}, {"model": "TheApp.product", "pk": 63, "fields": {"category": 1, "name": "apple pie20210308e", "likes": 0, "user": 1}}, {"model": "TheApp.product", "pk": 64, "fields": {"category": 1, "name": "apple pie", "likes": 0, "user": 1}}, {"model": "TheApp.product", "pk": 65, "fields": {"category": 1, "name": "apple pie20210308e", "likes": 0, "user": 1}}, {"model": "TheApp.product", "pk": 66, "fields": {"category": 1, "name": "apple", "likes": 0, "user": 1}}, {"model": "TheApp.product", "pk": 67, "fields": {"category": 1, "name": "apple", "likes": 0, "user": 1}}, {"model": "TheApp.product", "pk": 68, "fields": {"category": 1, "name": "apple", "likes": 0, "user": 1}}, {"model": "TheApp.product", "pk": 69, "fields": {"category": 1, "name": "apple pie", "likes": 0, "user": 1}}, {"model": "TheApp.product", "pk": 70, "fields": {"category": 1, "name": "apple pie", "likes": 0, "user": 1}}, {"model": "TheApp.product", "pk": 71, "fields": {"category": 1, "name": "apple pie", "likes": 0, "user": 1}}, {"model": "TheApp.product", "pk": 72, "fields": {"category": 1, "name": "apple pie", "likes": 0, "user": 1}}, {"model": "TheApp.product", "pk": 73, "fields": {"category": 1, "name": "apple pie20210308ef", "likes": 0, "user": 1}}, {"model": "TheApp.product", "pk": 74, "fields": {"category": 1, "name": "apple pie20210308e", "likes": 0, "user": 1}}, {"model": "TheApp.product", "pk": 75, "fields": {"category": 1, "name": "apple pie20210308e", "likes": 0, "user": 1}}, {"model": "TheApp.product", "pk": 76, "fields": {"category": 1, "name": "apple pie20210318a", "likes": 0, "user": 1}}, {"model": "TheApp.product", "pk": 77, "fields": {"category": 1, "name": "apple pie", "likes": 0, "user": 1}}, {"model": "TheApp.product", "pk": 78, "fields": {"category": 1, "name": "apple pie", "likes": 0, "user": 1}}, {"model": "TheApp.product", "pk": 79, "fields": {"category": 1, "name": "apple pie", "likes": 0, "user": 1}}, {"model": "TheApp.product", "pk": 80, "fields": {"category": 1, "name": "apple pie", "likes": 0, "user": 1}}, {"model": "TheApp.product", "pk": 81, "fields": {"category": 1, "name": "apple pie", "likes": 0, "user": 1}}, {"model": "TheApp.product", "pk": 82, "fields": {"category": 1, "name": "apple pie", "likes": 0, "user": 1}}, {"model": "TheApp.product", "pk": 83, "fields": {"category": 1, "name": "apple pie20210311a", "likes": 0, "user": 1}}, {"model": "TheApp.product", "pk": 84, "fields": {"category": 1, "name": "apple pie20210311c", "likes": 0, "user": 1}}, {"model": "TheApp.product", "pk": 85, "fields": {"category": 1, "name": "apple pie20210311d", "likes": 0, "user": 1}}, {"model": "TheApp.product", "pk": 86, "fields": {"category": 1, "name": "apple pie", "likes": 0, "user": 1}}, {"model": "TheApp.product", "pk": 87, "fields": {"category": 1, "name": "apple pie", "likes": 0, "user": 1}}, {"model": "TheApp.product", "pk": 88, "fields": {"category": 1, "name": "apple pie", "likes": 0, "user": 1}}, {"model": "TheApp.product", "pk": 89, "fields": {"category": 1, "name": "apple pie", "likes": 0, "user": 1}}, {"model": "TheApp.product", "pk": 90, "fields": {"category": 1, "name": "apple pie", "likes": 6, "user": 1}}, {"model": "TheApp.product", "pk": 91, "fields": {"category": 1, "name": "apple pie20210311e", "likes": 5, "user": 1}}, {"model": "TheApp.product", "pk": 92, "fields": {"category": 1, "name": "apple pie20210311f", "likes": 7, "user": 1}}, {"model": "TheApp.product", "pk": 93, "fields": {"category": 1, "name": "apple pie", "likes": 0, "user": 1}}, {"model": "TheApp.product", "pk": 94, "fields": {"category": 1, "name": "apple pie", "likes": 0, "user": 1}}, {"model": "TheApp.product", "pk": 95, "fields": {"category": 1, "name": "apple pie20210312", "likes": 5, "user": 1}}, {"model": "TheApp.product", "pk": 96, "fields": {"category": 1, "name": "apple pie20210312a", "likes": 1, "user": 1}}, {"model": "TheApp.product", "pk": 97, "fields": {"category": 1, "name": "apple pie", "likes": 2, "user": 1}}, {"model": "TheApp.product", "pk": 98, "fields": {"category": 1, "name": "apple pie", "likes": 0, "user": 1}}, {"model": "TheApp.product", "pk": 99, "fields": {"category": 1, "name": "apple pie20210312aa", "likes": 0, "user": 1}}, {"model": "TheApp.product", "pk": 100, "fields": {"category": 1, "name": "apple pie20210312c", "likes": 0, "user": 1}}, {"model": "TheApp.product", "pk": 101, "fields": {"category": 1, "name": "apple pie20210312e", "likes": 0, "user": 1}}, {"model": "TheApp.product", "pk": 102, "fields": {"category": 1, "name": "apple pie20210312g", "likes": 0, "user": 1}}, {"model": "TheApp.product", "pk": 103, "fields": {"category": 1, "name": "apple pie20210312J", "likes": 0, "user": 1}}, {"model": "TheApp.product", "pk": 104, "fields": {"category": 1, "name": "apple pie20210312K", "likes": 0, "user": 1}}, {"model": "TheApp.product", "pk": 105, "fields": {"category": 1, "name": "apple pie20210312n", "likes": 0, "user": 1}}, {"model": "TheApp.product", "pk": 106, "fields": {"category": 1, "name": "apple pie20210313a", "likes": 0, "user": 1}}, {"model": "TheApp.product", "pk": 107, "fields": {"category": 1, "name": "apple pie20210313b", "likes": 0, "user": 1}}, {"model": "TheApp.product", "pk": 108, "fields": {"category": 1, "name": "apple pie20210313c", "likes": 0, "user": 1}}, {"model": "TheApp.product", "pk": 109, "fields": {"category": 1, "name": "apple", "likes": 0, "user": 1}}, {"model": "TheApp.product", "pk": 110, "fields": {"category": 1, "name": "apple", "likes": 0, "user": 1}}, {"model": "TheApp.product", "pk": 111, "fields": {"category": 1, "name": "apple", "likes": 0, "user": 1}}, {"model": "TheApp.product", "pk": 112, "fields": {"category": 1, "name": "apple", "likes": 0, "user": 1}}, {"model": "TheApp.product", "pk": 113, "fields": {"category": 1, "name": "apple", "likes": 0, "user": 1}}, {"model": "TheApp.product", "pk": 114, "fields": {"category": 1, "name": "apple", "likes": 0, "user": 1}}, {"model": "TheApp.product", "pk": 115, "fields": {"category": 1, "name": "apple", "likes": 0, "user": 1}}, {"model": "TheApp.product", "pk": 116, "fields": {"category": 1, "name": "apple", "likes": 0, "user": 1}}, {"model": "TheApp.product", "pk": 117, "fields": {"category": 1, "name": "apple", "likes": 0, "user": 1}}, {"model": "TheApp.product", "pk": 118, "fields": {"category": 1, "name": "apple", "likes": 0, "user": 1}}, {"model": "TheApp.product", "pk": 119, "fields": {"category": 1, "name": "apple pie20210312", "likes": 0, "user": 1}}, {"model": "TheApp.product", "pk": 120, "fields": {"category": 1, "name": "apple pie20210312", "likes": 0, "user": 1}}, {"model": "TheApp.product", "pk": 121, "fields": {"category": 1, "name": "apple pie20210313r", "likes": 0, "user": 1}}, {"model": "TheApp.product", "pk": 122, "fields": {"category": 1, "name": "apple pie20210308e", "likes": 0, "user": 1}}, {"model": "TheApp.product", "pk": 123, "fields": {"category": 1, "name": "apple pie20210313f", "likes": 0, "user": 1}}, {"model": "TheApp.product", "pk": 124, "fields": {"category": 1, "name": "apple", "likes": 0, "user": 1}}, {"model": "TheApp.product", "pk": 125, "fields": {"category": 1, "name": "apple", "likes": 0, "user": 1}}, {"model": "TheApp.product", "pk": 126, "fields": {"category": 1, "name": "apple", "likes": 0, "user": 1}}, {"model": "TheApp.product", "pk": 127, "fields": {"category": 1, "name": "apple", "likes": 0, "user": 1}}, {"model": "TheApp.product", "pk": 128, "fields": {"category": 1, "name": "apple", "likes": 0, "user": 1}}, {"model": "TheApp.product", "pk": 129, "fields": {"category": 1, "name": "apple pie20210308e", "likes": 1, "user": 1}}, {"model": "TheApp.product", "pk": 130, "fields": {"category": 1, "name": "apple pie20210308e", "likes": 0, "user": 1}}, {"model": "TheApp.product", "pk": 131, "fields": {"category": 1, "name": "apple pie20210315", "likes": 0, "user": 1}}, {"model": "TheApp.product", "pk": 132, "fields": {"category": 1, "name": "apple pie20210315a", "likes": 0, "user": 1}}, {"model": "TheApp.product", "pk": 133, "fields": {"category": 1, "name": "apple pie20210315b", "likes": 0, "user": 1}}, {"model": "TheApp.product", "pk": 134, "fields": {"category": 1, "name": "apple pie20210315c", "likes": 0, "user": 1}}, {"model": "TheApp.product", "pk": 135, "fields": {"category": 1, "name": "apple pie20210315d", "likes": 0, "user": 1}}, {"model": "TheApp.product", "pk": 136, "fields": {"category": 1, "name": "apple pie20210315e", "likes": 0, "user": 1}}, {"model": "TheApp.product", "pk": 137, "fields": {"category": 1, "name": "apple", "likes": 2, "user": 1}}, {"model": "TheApp.product", "pk": 138, "fields": {"category": 1, "name": "apple", "likes": 0, "user": 1}}, {"model": "TheApp.product", "pk": 139, "fields": {"category": 1, "name": "apple", "likes": 7, "user": 1}}, {"model": "TheApp.product", "pk": 140, "fields": {"category": 1, "name": "apple", "likes": 0, "user": 1}}, {"model": "TheApp.product", "pk": 141, "fields": {"category": 1, "name": "apple", "likes": 0, "user": 1}}, {"model": "TheApp.product", "pk": 142, "fields": {"category": 1, "name": "apple", "likes": 0, "user": 1}}, {"model": "TheApp.product", "pk": 143, "fields": {"category": 1, "name": "apple", "likes": 0, "user": 1}}, {"model": "TheApp.product", "pk": 144, "fields": {"category": 1, "name": "apple", "likes": 0, "user": 1}}, {"model": "TheApp.product", "pk": 145, "fields": {"category": 1, "name": "apple pie20210312", "likes": 0, "user": 1}}, {"model": "TheApp.product", "pk": 146, "fields": {"category": 1, "name": "apple pie20210315e", "likes": 0, "user": 1}}, {"model": "TheApp.product", "pk": 147, "fields": {"category": 1, "name": "apple pie20210315f", "likes": 0, "user": 1}}, {"model": "TheApp.product", "pk": 148, "fields": {"category": 1, "name": "apple pie20210315g", "likes": 0, "user": 1}}, {"model": "TheApp.product", "pk": 149, "fields": {"category": 1, "name": "apple pie20210315h", "likes": 10, "user": 1}}, {"model": "TheApp.product", "pk": 150, "fields": {"category": 1, "name": "apple pie20210315i", "likes": 1, "user": 1}}, {"model": "TheApp.product", "pk": 151, "fields": {"category": 1, "name": "apple pie20210315j", "likes": 0, "user": 1}}, {"model": "TheApp.product", "pk": 152, "fields": {"category": 1, "name": "apple pie20210315k", "likes": 0, "user": 1}}, {"model": "TheApp.product", "pk": 153, "fields": {"category": 1, "name": "apple pie20210315L", "likes": 0, "user": 1}}, {"model": "TheApp.product", "pk": 154, "fields": {"category": 1, "name": "apple pie20210315M", "likes": 0, "user": 1}}, {"model": "TheApp.product", "pk": 155, "fields": {"category": 1, "name": "apple pie20210315N", "likes": 0, "user": 1}}, {"model": "TheApp.product", "pk": 156, "fields": {"category": 1, "name": "apple pie", "likes": 0, "user": 1}}, {"model": "TheApp.product", "pk": 157, "fields": {"category": 1, "name": "apple pie20210312", "likes": 0, "user": 1}}, {"model": "TheApp.product", "pk": 158, "fields": {"category": 1, "name": "apple pie20210315o", "likes": 0, "user": 1}}, {"model": "TheApp.product", "pk": 159, "fields": {"category": 1, "name": "apple pie20210315P", "likes": 11, "user": 1}}, {"model": "TheApp.productstock", "pk": 2, "fields": {"product": 3, "stock_available": 5, "stock_reserved_by_customer_order": 0, "stock_awaiting_delivery_from_supplier": 0}}, {"model": "TheApp.productstock", "pk": 3, "fields": {"product": 4, "stock_available": 5, "stock_reserved_by_customer_order": 0, "stock_awaiting_delivery_from_supplier": 0}}, {"model": "TheApp.productstock", "pk": 4, "fields": {"product": 5, "stock_available": 12, "stock_reserved_by_customer_order": 3, "stock_awaiting_delivery_from_supplier": 4}}, {"model": "TheApp.productstock", "pk": 5, "fields": {"product": 7, "stock_available": 3, "stock_reserved_by_customer_order": 2, "stock_awaiting_delivery_from_supplier": 1}}, {"model": "TheApp.productstock", "pk": 6, "fields": {"product": 8, "stock_available": 4, "stock_reserved_by_customer_order": 0, "stock_awaiting_delivery_from_supplier": 0}}, {"model": "TheApp.productstock", "pk": 7, "fields": {"product": 10, "stock_available": 2, "stock_reserved_by_customer_order": 0, "stock_awaiting_delivery_from_supplier": 0}}, {"model": "TheApp.productstock", "pk": 8, "fields": {"product": 11, "stock_available": 8, "stock_reserved_by_customer_order": 0, "stock_awaiting_delivery_from_supplier": 0}}, {"model": "TheApp.productstock", "pk": 9, "fields": {"product": 12, "stock_available": 5, "stock_reserved_by_customer_order": 0, "stock_awaiting_delivery_from_supplier": 0}}, {"model": "TheApp.productstock", "pk": 10, "fields": {"product": 13, "stock_available": 5, "stock_reserved_by_customer_order": 0, "stock_awaiting_delivery_from_supplier": 0}}, {"model": "TheApp.productstock", "pk": 11, "fields": {"product": 14, "stock_available": 3, "stock_reserved_by_customer_order": 0, "stock_awaiting_delivery_from_supplier": 0}}, {"model": "TheApp.productstock", "pk": 12, "fields": {"product": 15, "stock_available": 5, "stock_reserved_by_customer_order": 0, "stock_awaiting_delivery_from_supplier": 0}}, {"model": "TheApp.productstock", "pk": 13, "fields": {"product": 16, "stock_available": 1, "stock_reserved_by_customer_order": 0, "stock_awaiting_delivery_from_supplier": 0}}, {"model": "TheApp.productstock", "pk": 14, "fields": {"product": 17, "stock_available": 1, "stock_reserved_by_customer_order": 4, "stock_awaiting_delivery_from_supplier": 4}}, {"model": "TheApp.productstock", "pk": 15, "fields": {"product": 18, "stock_available": 1, "stock_reserved_by_customer_order": 0, "stock_awaiting_delivery_from_supplier": 0}}, {"model": "TheApp.productstock", "pk": 16, "fields": {"product": 19, "stock_available": 5, "stock_reserved_by_customer_order": 0, "stock_awaiting_delivery_from_supplier": 0}}, {"model": "TheApp.productstock", "pk": 17, "fields": {"product": 20, "stock_available": 5, "stock_reserved_by_customer_order": 0, "stock_awaiting_delivery_from_supplier": 0}}, {"model": "TheApp.productstock", "pk": 18, "fields": {"product": 21, "stock_available": 5, "stock_reserved_by_customer_order": 0, "stock_awaiting_delivery_from_supplier": 0}}, {"model": "TheApp.productstock", "pk": 19, "fields": {"product": 22, "stock_available": 5, "stock_reserved_by_customer_order": 0, "stock_awaiting_delivery_from_supplier": 0}}, {"model": "TheApp.productstock", "pk": 20, "fields": {"product": 23, "stock_available": 3, "stock_reserved_by_customer_order": 0, "stock_awaiting_delivery_from_supplier": 0}}, {"model": "TheApp.productstock", "pk": 21, "fields": {"product": 24, "stock_available": 9, "stock_reserved_by_customer_order": 0, "stock_awaiting_delivery_from_supplier": 0}}, {"model": "TheApp.productstock", "pk": 22, "fields": {"product": 25, "stock_available": 1, "stock_reserved_by_customer_order": 0, "stock_awaiting_delivery_from_supplier": 0}}, {"model": "TheApp.productstock", "pk": 23, "fields": {"product": 26, "stock_available": 5, "stock_reserved_by_customer_order": 0, "stock_awaiting_delivery_from_supplier": 0}}, {"model": "TheApp.productstock", "pk": 24, "fields": {"product": 27, "stock_available": 5, "stock_reserved_by_customer_order": 0, "stock_awaiting_delivery_from_supplier": 0}}, {"model": "TheApp.productstock", "pk": 25, "fields": {"product": 28, "stock_available": 5, "stock_reserved_by_customer_order": 0, "stock_awaiting_delivery_from_supplier": 0}}, {"model": "TheApp.productstock", "pk": 26, "fields": {"product": 29, "stock_available": 8, "stock_reserved_by_customer_order": 0, "stock_awaiting_delivery_from_supplier": 0}}, {"model": "TheApp.productstock", "pk": 27, "fields": {"product": 34, "stock_available": 5, "stock_reserved_by_customer_order": 0, "stock_awaiting_delivery_from_supplier": 0}}, {"model": "TheApp.productstock", "pk": 28, "fields": {"product": 35, "stock_available": 5, "stock_reserved_by_customer_order": 0, "stock_awaiting_delivery_from_supplier": 0}}, {"model": "TheApp.productstock", "pk": 29, "fields": {"product": 37, "stock_available": 8, "stock_reserved_by_customer_order": 0, "stock_awaiting_delivery_from_supplier": 0}}, {"model": "TheApp.productstock", "pk": 30, "fields": {"product": 38, "stock_available": 5, "stock_reserved_by_customer_order": 0, "stock_awaiting_delivery_from_supplier": 0}}, {"model": "TheApp.productstock", "pk": 31, "fields": {"product": 40, "stock_available": 5, "stock_reserved_by_customer_order": 0, "stock_awaiting_delivery_from_supplier": 0}}, {"model": "TheApp.productstock", "pk": 32, "fields": {"product": 41, "stock_available": 8, "stock_reserved_by_customer_order": 0, "stock_awaiting_delivery_from_supplier": 0}}, {"model": "TheApp.productstock", "pk": 33, "fields": {"product": 43, "stock_available": 1, "stock_reserved_by_customer_order": 0, "stock_awaiting_delivery_from_supplier": 0}}, {"model": "TheApp.productstock", "pk": 34, "fields": {"product": 48, "stock_available": 5, "stock_reserved_by_customer_order": 0, "stock_awaiting_delivery_from_supplier": 0}}, {"model": "TheApp.productstock", "pk": 35, "fields": {"product": 49, "stock_available": 5, "stock_reserved_by_customer_order": 0, "stock_awaiting_delivery_from_supplier": 0}}, {"model": "TheApp.productstock", "pk": 36, "fields": {"product": 51, "stock_available": 5, "stock_reserved_by_customer_order": 0, "stock_awaiting_delivery_from_supplier": 0}}, {"model": "TheApp.productstock", "pk": 37, "fields": {"product": 53, "stock_available": 9, "stock_reserved_by_customer_order": 0, "stock_awaiting_delivery_from_supplier": 0}}, {"model": "TheApp.productstock", "pk": 38, "fields": {"product": 57, "stock_available": 5, "stock_reserved_by_customer_order": 0, "stock_awaiting_delivery_from_supplier": 0}}, {"model": "TheApp.productstock", "pk": 39, "fields": {"product": 92, "stock_available": 1, "stock_reserved_by_customer_order": 0, "stock_awaiting_delivery_from_supplier": 0}}, {"model": "TheApp.productstock", "pk": 40, "fields": {"product": 104, "stock_available": 8, "stock_reserved_by_customer_order": 0, "stock_awaiting_delivery_from_supplier": 0}}, {"model": "TheApp.productstock", "pk": 41, "fields": {"product": 111, "stock_available": 8, "stock_reserved_by_customer_order": 0, "stock_awaiting_delivery_from_supplier": 0}}, {"model": "TheApp.productstock", "pk": 42, "fields": {"product": 149, "stock_available": 5, "stock_reserved_by_customer_order": 0, "stock_awaiting_delivery_from_supplier": 0}}, {"model": "TheApp.productstock", "pk": 43, "fields": {"product": 150, "stock_available": 0, "stock_reserved_by_customer_order": 0, "stock_awaiting_delivery_from_supplier": 0}}, {"model": "TheApp.productstock", "pk": 44, "fields": {"product": 151, "stock_available": 0, "stock_reserved_by_customer_order": 0, "stock_awaiting_delivery_from_supplier": 0}}, {"model": "TheApp.productstock", "pk": 45, "fields": {"product": 152, "stock_available": 0, "stock_reserved_by_customer_order": 0, "stock_awaiting_delivery_from_supplier": 0}}, {"model": "TheApp.productstock", "pk": 46, "fields": {"product": 153, "stock_available": 0, "stock_reserved_by_customer_order": 0, "stock_awaiting_delivery_from_supplier": 0}}, {"model": "TheApp.productstock", "pk": 47, "fields": {"product": 154, "stock_available": 0, "stock_reserved_by_customer_order": 0, "stock_awaiting_delivery_from_supplier": 0}}, {"model": "TheApp.productstock", "pk": 48, "fields": {"product": 155, "stock_available": 0, "stock_reserved_by_customer_order": 0, "stock_awaiting_delivery_from_supplier": 0}}, {"model": "TheApp.productstock", "pk": 49, "fields": {"product": 156, "stock_available": 0, "stock_reserved_by_customer_order": 0, "stock_awaiting_delivery_from_supplier": 0}}, {"model": "TheApp.productstock", "pk": 50, "fields": {"product": 157, "stock_available": 0, "stock_reserved_by_customer_order": 0, "stock_awaiting_delivery_from_supplier": 0}}, {"model": "TheApp.productstock", "pk": 51, "fields": {"product": 158, "stock_available": 7, "stock_reserved_by_customer_order": 0, "stock_awaiting_delivery_from_supplier": 0}}, {"model": "TheApp.productstock", "pk": 52, "fields": {"product": 159, "stock_available": 0, "stock_reserved_by_customer_order": 0, "stock_awaiting_delivery_from_supplier": 0}}, {"model": "TheApp.productstock", "pk": 53, "fields": {"product": 129, "stock_available": 0, "stock_reserved_by_customer_order": 0, "stock_awaiting_delivery_from_supplier": 0}}, {"model": "TheApp.productstock", "pk": 54, "fields": {"product": 1, "stock_available": 8, "stock_reserved_by_customer_order": 0, "stock_awaiting_delivery_from_supplier": 0}}, {"model": "TheApp.productstock", "pk": 55, "fields": {"product": 2, "stock_available": 0, "stock_reserved_by_customer_order": 0, "stock_awaiting_delivery_from_supplier": 0}}, {"model": "TheApp.productprice", "pk": 2, "fields": {"product": 3, "price": "20.00", "start_date": "2021-03-04", "end_date": "2021-03-05"}}, {"model": "TheApp.productprice", "pk": 3, "fields": {"product": 4, "price": "15.00", "start_date": "2021-03-04", "end_date": "2021-03-05"}}, {"model": "TheApp.productprice", "pk": 4, "fields": {"product": 5, "price": "16.00", "start_date": "2021-03-04", "end_date": "2021-03-05"}}, {"model": "TheApp.productprice", "pk": 5, "fields": {"product": 6, "price": "13.00", "start_date": "2021-03-05", "end_date": "2021-03-24"}}, {"model": "TheApp.productprice", "pk": 6, "fields": {"product": 7, "price": "6.00", "start_date": "2021-03-05", "end_date": "2021-03-06"}}, {"model": "TheApp.productprice", "pk": 7, "fields": {"product": 8, "price": "6.00", "start_date": "2021-03-05", "end_date": "2021-03-06"}}, {"model": "TheApp.productprice", "pk": 8, "fields": {"product": 10, "price": "5.00", "start_date": "2021-03-05", "end_date": "2021-03-06"}}, {"model": "TheApp.productprice", "pk": 9, "fields": {"product": 11, "price": "6.00", "start_date": "2021-03-05", "end_date": "2021-03-06"}}, {"model": "TheApp.productprice", "pk": 10, "fields": {"product": 12, "price": "0.00", "start_date": "2021-03-05", "end_date": "2021-03-06"}}, {"model": "TheApp.productprice", "pk": 11, "fields": {"product": 13, "price": "6.00", "start_date": "2021-03-05", "end_date": "2021-03-06"}}, {"model": "TheApp.productprice", "pk": 12, "fields": {"product": 14, "price": "6.00", "start_date": "2021-03-05", "end_date": "2021-03-06"}}, {"model": "TheApp.productprice", "pk": 13, "fields": {"product": 15, "price": "6.00", "start_date": "2021-03-07", "end_date": "2021-03-08"}}, {"model": "TheApp.productprice", "pk": 14, "fields": {"product": 16, "price": "5.00", "start_date": "2021-03-07", "end_date": "2021-03-08"}}, {"model": "TheApp.productprice", "pk": 15, "fields": {"product": 17, "price": "5.00", "start_date": "2021-03-07", "end_date": "2021-03-08"}}, {"model": "TheApp.productprice", "pk": 16, "fields": {"product": 18, "price": "5.00", "start_date": "2021-03-01", "end_date": "2021-03-08"}}, {"model": "TheApp.productprice", "pk": 17, "fields": {"product": 19, "price": "5.00", "start_date": "2021-03-08", "end_date": "2021-03-09"}}, {"model": "TheApp.productprice", "pk": 18, "fields": {"product": 19, "price": "6.00", "start_date": "2021-03-01", "end_date": "2021-03-08"}}, {"model": "TheApp.productprice", "pk": 19, "fields": {"product": 19, "price": "7.00", "start_date": "2021-03-08", "end_date": "2021-03-31"}}, {"model": "TheApp.productprice", "pk": 20, "fields": {"product": 22, "price": "0.00", "start_date": "2021-03-08", "end_date": "2021-03-25"}}, {"model": "TheApp.productprice", "pk": 21, "fields": {"product": 23, "price": "9.00", "start_date": "2021-03-01", "end_date": "2021-03-08"}}, {"model": "TheApp.productprice", "pk": 22, "fields": {"product": 24, "price": "8.00", "start_date": "2021-01-08", "end_date": "2021-03-08"}}, {"model": "TheApp.productprice", "pk": 23, "fields": {"product": 25, "price": "5.00", "start_date": "2021-03-08", "end_date": "2021-03-25"}}, {"model": "TheApp.productprice", "pk": 24, "fields": {"product": 26, "price": "8.00", "start_date": "2021-03-08", "end_date": "2021-03-09"}}, {"model": "TheApp.productprice", "pk": 25, "fields": {"product": 26, "price": "0.00", "start_date": "2021-03-08", "end_date": "2021-03-08"}}, {"model": "TheApp.productprice", "pk": 26, "fields": {"product": 27, "price": "6.00", "start_date": "2021-03-08", "end_date": "2021-03-26"}}, {"model": "TheApp.productprice", "pk": 27, "fields": {"product": 27, "price": "9.00", "start_date": "2021-03-08", "end_date": "2021-03-08"}}, {"model": "TheApp.productprice", "pk": 28, "fields": {"product": 28, "price": "0.00", "start_date": "2021-03-08", "end_date": "2021-03-08"}}, {"model": "TheApp.productprice", "pk": 29, "fields": {"product": 28, "price": "0.00", "start_date": "2021-03-08", "end_date": "2021-03-08"}}, {"model": "TheApp.productprice", "pk": 30, "fields": {"product": 29, "price": "0.00", "start_date": "2021-03-08", "end_date": "2021-03-08"}}, {"model": "TheApp.productprice", "pk": 31, "fields": {"product": 29, "price": "0.00", "start_date": "2021-03-08", "end_date": "2021-03-08"}}, {"model": "TheApp.productprice", "pk": 32, "fields": {"product": 30, "price": "5.00", "start_date": "2021-03-08", "end_date": "2021-03-17"}}, {"model": "TheApp.productprice", "pk": 33, "fields": {"product": 30, "price": "0.00", "start_date": "2021-03-08", "end_date": "2021-03-08"}}, {"model": "TheApp.productprice", "pk": 34, "fields": {"product": 31, "price": "0.00", "start_date": "2021-03-08", "end_date": "2021-03-08"}}, {"model": "TheApp.productprice", "pk": 35, "fields": {"product": 31, "price": "0.00", "start_date": "2021-03-08", "end_date": "2021-03-08"}}, {"model": "TheApp.productprice", "pk": 36, "fields": {"product": 32, "price": "0.00", "start_date": "2021-03-08", "end_date": "2021-03-08"}}, {"model": "TheApp.productprice", "pk": 37, "fields": {"product": 32, "price": "0.00", "start_date": "2021-03-08", "end_date": "2021-03-08"}}, {"model": "TheApp.productprice", "pk": 38, "fields": {"product": 33, "price": "0.00", "start_date": "2021-03-08", "end_date": "2021-03-08"}}, {"model": "TheApp.productprice", "pk": 39, "fields": {"product": 34, "price": "5.00", "start_date": "2021-03-09", "end_date": "2021-03-09"}}, {"model": "TheApp.productprice", "pk": 40, "fields": {"product": 34, "price": "0.00", "start_date": "2021-03-09", "end_date": "2021-03-09"}}, {"model": "TheApp.productprice", "pk": 41, "fields": {"product": 34, "price": "0.00", "start_date": "2021-03-09", "end_date": "2021-03-09"}}, {"model": "TheApp.productprice", "pk": 42, "fields": {"product": 35, "price": "0.00", "start_date": "2021-03-09", "end_date": "2021-03-09"}}, {"model": "TheApp.productprice", "pk": 43, "fields": {"product": 36, "price": "6.00", "start_date": "2021-03-01", "end_date": "2021-03-02"}}, {"model": "TheApp.productprice", "pk": 44, "fields": {"product": 50, "price": "17.00", "start_date": "2021-03-10", "end_date": "2021-03-11"}}, {"model": "TheApp.productprice", "pk": 45, "fields": {"product": 51, "price": "17.00", "start_date": "2021-03-10", "end_date": "2021-03-11"}}, {"model": "TheApp.productprice", "pk": 46, "fields": {"product": 52, "price": "17.00", "start_date": "2021-03-10", "end_date": "2021-03-11"}}, {"model": "TheApp.productprice", "pk": 47, "fields": {"product": 53, "price": "17.00", "start_date": "2021-03-10", "end_date": "2021-03-11"}}, {"model": "TheApp.productprice", "pk": 48, "fields": {"product": 54, "price": "17.00", "start_date": "2021-03-10", "end_date": "2021-03-11"}}, {"model": "TheApp.productprice", "pk": 49, "fields": {"product": 55, "price": "17.00", "start_date": "2021-03-10", "end_date": "2021-03-11"}}, {"model": "TheApp.productprice", "pk": 50, "fields": {"product": 56, "price": "17.00", "start_date": "2021-03-10", "end_date": "2021-03-11"}}, {"model": "TheApp.productprice", "pk": 51, "fields": {"product": 56, "price": "9.00", "start_date": "2021-03-09", "end_date": "2021-03-10"}}, {"model": "TheApp.productprice", "pk": 52, "fields": {"product": 57, "price": "17.00", "start_date": "2021-03-10", "end_date": "2021-03-11"}}, {"model": "TheApp.productprice", "pk": 53, "fields": {"product": 58, "price": "17.00", "start_date": "2021-03-10", "end_date": "2021-03-11"}}, {"model": "TheApp.productprice", "pk": 54, "fields": {"product": 64, "price": "17.00", "start_date": "2021-03-01", "end_date": "2021-03-12"}}, {"model": "TheApp.productprice", "pk": 55, "fields": {"product": 67, "price": "17.00", "start_date": "2021-03-11", "end_date": "2021-03-12"}}, {"model": "TheApp.productprice", "pk": 56, "fields": {"product": 68, "price": "17.00", "start_date": "2021-03-11", "end_date": "2021-03-12"}}, {"model": "TheApp.productprice", "pk": 57, "fields": {"product": 88, "price": "17.00", "start_date": "2021-03-11", "end_date": "2021-03-13"}}, {"model": "TheApp.productprice", "pk": 58, "fields": {"product": 92, "price": "5.00", "start_date": "2021-03-11", "end_date": "2021-03-12"}}, {"model": "TheApp.productprice", "pk": 59, "fields": {"product": 103, "price": "8.00", "start_date": "2021-01-12", "end_date": "2021-03-12"}}, {"model": "TheApp.productprice", "pk": 60, "fields": {"product": 104, "price": "8.00", "start_date": "2021-03-01", "end_date": "2021-03-12"}}, {"model": "TheApp.productprice", "pk": 61, "fields": {"product": 105, "price": "8.00", "start_date": "2021-03-12", "end_date": "2021-03-30"}}, {"model": "TheApp.productprice", "pk": 62, "fields": {"product": 106, "price": "8.00", "start_date": "2021-03-13", "end_date": "2021-03-14"}}, {"model": "TheApp.productprice", "pk": 63, "fields": {"product": 107, "price": "8.00", "start_date": "2021-03-13", "end_date": "2021-03-14"}}, {"model": "TheApp.productprice", "pk": 64, "fields": {"product": 111, "price": "5.00", "start_date": "2021-03-13", "end_date": "2021-03-14"}}, {"model": "TheApp.productprice", "pk": 65, "fields": {"product": 126, "price": "5.00", "start_date": "2021-03-14", "end_date": "2021-03-15"}}, {"model": "TheApp.productprice", "pk": 66, "fields": {"product": 127, "price": "8.00", "start_date": "2021-03-13", "end_date": "2021-03-15"}}, {"model": "TheApp.productprice", "pk": 67, "fields": {"product": 140, "price": "8.00", "start_date": "2021-03-14", "end_date": "2021-03-16"}}, {"model": "TheApp.productprice", "pk": 68, "fields": {"product": 143, "price": "0.20", "start_date": "2021-03-15", "end_date": "2021-03-16"}}, {"model": "TheApp.productprice", "pk": 69, "fields": {"product": 144, "price": "0.01", "start_date": "2021-03-15", "end_date": "2021-03-16"}}, {"model": "TheApp.productprice", "pk": 70, "fields": {"product": 145, "price": "0.01", "start_date": "2021-03-15", "end_date": "2021-03-16"}}, {"model": "TheApp.productprice", "pk": 71, "fields": {"product": 146, "price": "0.01", "start_date": "2021-03-24", "end_date": "2021-03-25"}}, {"model": "TheApp.productprice", "pk": 72, "fields": {"product": 147, "price": "0.01", "start_date": "2021-03-15", "end_date": "2021-03-16"}}, {"model": "TheApp.productprice", "pk": 73, "fields": {"product": 148, "price": "0.01", "start_date": "2021-03-15", "end_date": "2021-03-16"}}, {"model": "TheApp.productprice", "pk": 74, "fields": {"product": 149, "price": "0.01", "start_date": "2021-03-15", "end_date": "2021-03-16"}}, {"model": "TheApp.productprice", "pk": 75, "fields": {"product": 150, "price": "0.01", "start_date": "2021-03-15", "end_date": "2021-03-16"}}, {"model": "TheApp.productprice", "pk": 76, "fields": {"product": 151, "price": "0.01", "start_date": "2021-03-15", "end_date": "2021-03-16"}}, {"model": "TheApp.productprice", "pk": 77, "fields": {"product": 151, "price": "8.00", "start_date": "2021-03-15", "end_date": "2021-03-16"}}, {"model": "TheApp.productprice", "pk": 78, "fields": {"product": 152, "price": "0.01", "start_date": "2021-03-15", "end_date": "2021-03-16"}}, {"model": "TheApp.productprice", "pk": 79, "fields": {"product": 152, "price": "0.20", "start_date": "2021-03-14", "end_date": "2021-03-15"}}, {"model": "TheApp.productprice", "pk": 80, "fields": {"product": 153, "price": "0.01", "start_date": "2021-03-15", "end_date": "2021-03-16"}}, {"model": "TheApp.productprice", "pk": 81, "fields": {"product": 154, "price": "9.00", "start_date": "2021-03-15", "end_date": "2021-03-16"}}, {"model": "TheApp.productprice", "pk": 82, "fields": {"product": 155, "price": "0.01", "start_date": "2021-03-15", "end_date": "2021-03-16"}}, {"model": "TheApp.productprice", "pk": 83, "fields": {"product": 156, "price": "0.01", "start_date": "2021-03-15", "end_date": "2021-03-16"}}, {"model": "TheApp.productprice", "pk": 84, "fields": {"product": 157, "price": "0.01", "start_date": "2021-03-15", "end_date": "2021-03-16"}}, {"model": "TheApp.productprice", "pk": 85, "fields": {"product": 158, "price": "12.80", "start_date": "2021-03-15", "end_date": "2021-03-16"}}, {"model": "TheApp.productprice", "pk": 87, "fields": {"product": 159, "price": "0.01", "start_date": "2021-03-15", "end_date": "2021-03-16"}}, {"model": "TheApp.productprice", "pk": 89, "fields": {"product": 158, "price": "14.32", "start_date": "2021-03-16", "end_date": "2021-03-17"}}, {"model": "TheApp.productprice", "pk": 90, "fields": {"product": 158, "price": "0.50", "start_date": "2021-03-16", "end_date": "2021-03-17"}}, {"model": "TheApp.productprice", "pk": 91, "fields": {"product": 158, "price": "0.41", "start_date": "2021-03-15", "end_date": "2021-03-16"}}, {"model": "TheApp.productprice", "pk": 92, "fields": {"product": 129, "price": "0.01", "start_date": "2021-03-09", "end_date": "2021-03-17"}}, {"model": "TheApp.productprice", "pk": 93, "fields": {"product": 158, "price": "0.01", "start_date": "2021-03-16", "end_date": "2021-03-17"}}, {"model": "TheApp.productprice", "pk": 94, "fields": {"product": 1, "price": "0.01", "start_date": "2021-03-16", "end_date": "2021-03-25"}}, {"model": "TheApp.productprice", "pk": 95, "fields": {"product": 157, "price": "0.01", "start_date": "2021-03-29", "end_date": "2021-03-30"}}, {"model": "TheApp.productprice", "pk": 96, "fields": {"product": 1, "price": "0.01", "start_date": "2021-03-29", "end_date": "2021-03-30"}}, {"model": "TheApp.productprice", "pk": 97, "fields": {"product": 2, "price": "0.01", "start_date": "2021-03-29", "end_date": "2021-03-30"}}, {"model": "TheApp.productpriceminqtypromotion", "pk": 1, "fields": {"product": 75, "price": "17.00", "start_date": "2021-03-11", "end_date": "2021-03-25", "min_order_qty": 8, "create_date": "2021-03-11"}}, {"model": "TheApp.productpriceminqtypromotion", "pk": 2, "fields": {"product": 82, "price": "16.00", "start_date": "2021-03-11", "end_date": "2021-03-12", "min_order_qty": 6, "create_date": "2021-03-11"}}, {"model": "TheApp.productpriceminqtypromotion", "pk": 3, "fields": {"product": 82, "price": "9.00", "start_date": "2021-03-11", "end_date": "2021-03-19", "min_order_qty": 1, "create_date": "2021-03-11"}}, {"model": "TheApp.productpriceminqtypromotion", "pk": 4, "fields": {"product": 83, "price": "6.20", "start_date": "2021-03-11", "end_date": "2021-03-25", "min_order_qty": 8, "create_date": "2021-03-11"}}, {"model": "TheApp.productpriceminqtypromotion", "pk": 5, "fields": {"product": 85, "price": "13.40", "start_date": "2021-03-11", "end_date": "2021-03-12", "min_order_qty": 8, "create_date": "2021-03-11"}}, {"model": "TheApp.productpriceminqtypromotion", "pk": 6, "fields": {"product": 87, "price": "15.00", "start_date": "2021-03-11", "end_date": "2021-03-12", "min_order_qty": 7, "create_date": "2021-03-11"}}, {"model": "TheApp.productpriceminqtypromotion", "pk": 7, "fields": {"product": 87, "price": "5.00", "start_date": "2021-03-11", "end_date": "2021-03-25", "min_order_qty": 6, "create_date": "2021-03-11"}}, {"model": "TheApp.productpriceminqtypromotion", "pk": 8, "fields": {"product": 90, "price": "14.00", "start_date": "2021-03-11", "end_date": "2021-03-12", "min_order_qty": 1, "create_date": "2021-03-11"}}, {"model": "TheApp.productpriceminqtypromotion", "pk": 9, "fields": {"product": 92, "price": "8.00", "start_date": "2021-03-11", "end_date": "2021-03-12", "min_order_qty": 9, "create_date": "2021-03-11"}}, {"model": "TheApp.productpriceminqtypromotion", "pk": 10, "fields": {"product": 94, "price": "17.00", "start_date": "2021-03-12", "end_date": "2021-03-31", "min_order_qty": 8, "create_date": "2021-03-12"}}, {"model": "TheApp.productpriceminqtypromotion", "pk": 11, "fields": {"product": 101, "price": "8.00", "start_date": "2021-03-12", "end_date": "2021-03-30", "min_order_qty": 8, "create_date": "2021-03-12"}}, {"model": "TheApp.productpriceminqtypromotion", "pk": 12, "fields": {"product": 120, "price": "8.00", "start_date": "2021-03-01", "end_date": "2021-03-13", "min_order_qty": 1, "create_date": "2021-03-13"}}, {"model": "TheApp.productpriceminqtypromotion", "pk": 13, "fields": {"product": 153, "price": "0.01", "start_date": "2021-03-15", "end_date": "2021-03-16", "min_order_qty": 8, "create_date": "2021-03-15"}}, {"model": "TheApp.productpriceminqtypromotion", "pk": 14, "fields": {"product": 154, "price": "7.00", "start_date": "2021-03-15", "end_date": "2021-03-16", "min_order_qty": 1, "create_date": "2021-03-15"}}, {"model": "TheApp.productpriceminqtypromotion", "pk": 15, "fields": {"product": 155, "price": "0.01", "start_date": "2021-03-15", "end_date": "2021-03-16", "min_order_qty": 8, "create_date": "2021-03-15"}}, {"model": "TheApp.productpriceminqtypromotion", "pk": 16, "fields": {"product": 156, "price": "0.00", "start_date": "2021-03-15", "end_date": "2021-03-16", "min_order_qty": 0, "create_date": "2021-03-15"}}, {"model": "TheApp.productpriceminqtypromotion", "pk": 18, "fields": {"product": 158, "price": "0.01", "start_date": "2021-03-15", "end_date": "2021-03-16", "min_order_qty": 55, "create_date": "2021-03-15"}}, {"model": "TheApp.productpriceminqtypromotion", "pk": 19, "fields": {"product": 159, "price": "0.01", "start_date": "2021-03-15", "end_date": "2021-03-16", "min_order_qty": 2, "create_date": "2021-03-15"}}, {"model": "TheApp.productpriceminqtypromotion", "pk": 20, "fields": {"product": 159, "price": "0.00", "start_date": "2021-03-14", "end_date": "2021-03-15", "min_order_qty": 8, "create_date": "2021-03-15"}}, {"model": "TheApp.cartheader", "pk": 1, "fields": {"user": 1, "create_date": "2021-03-22"}}, {"model": "TheApp.cartheader", "pk": 2, "fields": {"user": 1, "create_date": "2021-03-22"}}, {"model": "TheApp.cartheader", "pk": 3, "fields": {"user": 1, "create_date": "2021-03-22"}}, {"model": "TheApp.cartheader", "pk": 4, "fields": {"user": 1, "create_date": "2021-03-22"}}, {"model": "TheApp.cartheader", "pk": 5, "fields": {"user": 1, "create_date": "2021-03-22"}}, {"model": "TheApp.cartheader", "pk": 6, "fields": {"user": 1, "create_date": "2021-03-22"}}, {"model": "TheApp.cartheader", "pk": 7, "fields": {"user": 1, "create_date": "2021-03-22"}}, {"model": "TheApp.cartheader", "pk": 8, "fields": {"user": 1, "create_date": "2021-03-22"}}, {"model": "TheApp.cartheader", "pk": 9, "fields": {"user": 1, "create_date": "2021-03-22"}}, {"model": "TheApp.cartheader", "pk": 10, "fields": {"user": 1, "create_date": "2021-03-22"}}, {"model": "TheApp.cartheader", "pk": 11, "fields": {"user": 1, "create_date": "2021-03-22"}}, {"model": "TheApp.cartheader", "pk": 12, "fields": {"user": 1, "create_date": "2021-03-22"}}, {"model": "TheApp.cartheader", "pk": 13, "fields": {"user": null, "create_date": "2021-03-22"}}, {"model": "TheApp.cartheader", "pk": 14, "fields": {"user": null, "create_date": "2021-03-22"}}, {"model": "TheApp.cartheader", "pk": 15, "fields": {"user": 1, "create_date": "2021-03-23"}}, {"model": "TheApp.cartheader", "pk": 16, "fields": {"user": 5, "create_date": "2021-03-23"}}, {"model": "TheApp.cartheader", "pk": 17, "fields": {"user": null, "create_date": "2021-03-23"}}, {"model": "TheApp.cartheader", "pk": 18, "fields": {"user": null, "create_date": "2021-03-24"}}, {"model": "TheApp.cartheader", "pk": 19, "fields": {"user": 3, "create_date": "2021-03-24"}}, {"model": "TheApp.cartheader", "pk": 20, "fields": {"user": 1, "create_date": "2021-03-25"}}, {"model": "TheApp.cartheader", "pk": 21, "fields": {"user": 1, "create_date": "2021-03-29"}}, {"model": "TheApp.cartheader", "pk": 22, "fields": {"user": null, "create_date": "2021-03-29"}}, {"model": "TheApp.cartline", "pk": 1, "fields": {"cartheader": 11, "product": 159, "order_qty": 2, "order_product_price": "15.00"}}, {"model": "TheApp.cartline", "pk": 2, "fields": {"cartheader": 12, "product": 159, "order_qty": 1, "order_product_price": "0.00"}}, {"model": "TheApp.cartline", "pk": 3, "fields": {"cartheader": 13, "product": 159, "order_qty": 1, "order_product_price": "0.00"}}, {"model": "TheApp.cartline", "pk": 4, "fields": {"cartheader": 14, "product": 156, "order_qty": 1, "order_product_price": "0.00"}}, {"model": "TheApp.cartline", "pk": 5, "fields": {"cartheader": 15, "product": 159, "order_qty": 1, "order_product_price": "0.00"}}, {"model": "TheApp.cartline", "pk": 6, "fields": {"cartheader": 15, "product": 150, "order_qty": 1, "order_product_price": "0.00"}}, {"model": "TheApp.cartline", "pk": 7, "fields": {"cartheader": 15, "product": 157, "order_qty": 1, "order_product_price": "0.00"}}, {"model": "TheApp.cartline", "pk": 8, "fields": {"cartheader": 16, "product": 159, "order_qty": 1, "order_product_price": "0.00"}}, {"model": "TheApp.cartline", "pk": 9, "fields": {"cartheader": 16, "product": 158, "order_qty": 1, "order_product_price": "0.00"}}, {"model": "TheApp.cartline", "pk": 10, "fields": {"cartheader": 17, "product": 159, "order_qty": 1, "order_product_price": "0.00"}}, {"model": "TheApp.cartline", "pk": 11, "fields": {"cartheader": 17, "product": 146, "order_qty": 1, "order_product_price": "0.00"}}, {"model": "TheApp.cartline", "pk": 12, "fields": {"cartheader": 17, "product": 144, "order_qty": 1, "order_product_price": "0.00"}}, {"model": "TheApp.cartline", "pk": 13, "fields": {"cartheader": 18, "product": 149, "order_qty": 3, "order_product_price": "0.00"}}, {"model": "TheApp.cartline", "pk": 14, "fields": {"cartheader": 18, "product": 148, "order_qty": 1, "order_product_price": "5.60"}}, {"model": "TheApp.cartline", "pk": 15, "fields": {"cartheader": 18, "product": 143, "order_qty": 1, "order_product_price": "0.00"}}, {"model": "TheApp.cartline", "pk": 17, "fields": {"cartheader": 18, "product": 128, "order_qty": 1, "order_product_price": "0.00"}}, {"model": "TheApp.cartline", "pk": 18, "fields": {"cartheader": 18, "product": 127, "order_qty": 1, "order_product_price": "0.00"}}, {"model": "TheApp.cartline", "pk": 19, "fields": {"cartheader": 18, "product": 117, "order_qty": 1, "order_product_price": "0.00"}}, {"model": "TheApp.cartline", "pk": 20, "fields": {"cartheader": 19, "product": 159, "order_qty": 1, "order_product_price": "0.00"}}, {"model": "TheApp.cartline", "pk": 21, "fields": {"cartheader": 19, "product": 150, "order_qty": 1, "order_product_price": "0.00"}}, {"model": "TheApp.cartline", "pk": 22, "fields": {"cartheader": 19, "product": 146, "order_qty": 1, "order_product_price": "0.00"}}, {"model": "TheApp.cartline", "pk": 23, "fields": {"cartheader": 19, "product": 8, "order_qty": 1, "order_product_price": "0.00"}}, {"model": "TheApp.cartline", "pk": 24, "fields": {"cartheader": 19, "product": 156, "order_qty": 1, "order_product_price": "0.00"}}, {"model": "TheApp.cartline", "pk": 25, "fields": {"cartheader": 20, "product": 152, "order_qty": 1, "order_product_price": "0.00"}}, {"model": "TheApp.cartline", "pk": 26, "fields": {"cartheader": 20, "product": 150, "order_qty": 1, "order_product_price": "0.00"}}, {"model": "TheApp.cartline", "pk": 27, "fields": {"cartheader": 21, "product": 159, "order_qty": 8, "order_product_price": "15.20"}}, {"model": "TheApp.cartline", "pk": 28, "fields": {"cartheader": 21, "product": 148, "order_qty": 9, "order_product_price": "3.00"}}, {"model": "TheApp.cartline", "pk": 43, "fields": {"cartheader": 22, "product": 119, "order_qty": 1, "order_product_price": "3.00"}}, {"model": "TheApp.album", "pk": 1, "fields": {"title": "album1", "artist": "the beatles"}}, {"model": "TheApp.album", "pk": 2, "fields": {"title": "abbey road", "artist": "t"}}, {"model": "TheApp.album", "pk": 3, "fields": {"title": "album1", "artist": "the beatles"}}, {"model": "TheApp.album", "pk": 4, "fields": {"title": "abbey road3", "artist": "the beatles"}}, {"model": "TheApp.album", "pk": 5, "fields": {"title": "abbey road2", "artist": "the beatles"}}, {"model": "TheApp.album", "pk": 6, "fields": {"title": "abbey road24", "artist": "the beatles"}}, {"model": "TheApp.track", "pk": 1, "fields": {"album": 1, "number": 1, "name": "hello", "create_date": "2021-03-06"}}, {"model": "TheApp.track", "pk": 2, "fields": {"album": 1, "number": 2, "name": "hello2", "create_date": "2021-03-06"}}, {"model": "TheApp.track", "pk": 3, "fields": {"album": 2, "number": 1, "name": "help", "create_date": "2021-03-06"}}, {"model": "TheApp.track", "pk": 4, "fields": {"album": 2, "number": 2, "name": "help2", "create_date": "2021-03-06"}}, {"model": "TheApp.track", "pk": 5, "fields": {"album": 3, "number": 1, "name": "fish pie", "create_date": "2021-03-12"}}, {"model": "TheApp.track", "pk": 6, "fields": {"album": 3, "number": 2, "name": "apple pie11a", "create_date": "2021-03-06"}}, {"model": "TheApp.track", "pk": 7, "fields": {"album": 4, "number": 1, "name": "help", "create_date": "2021-03-10"}}, {"model": "TheApp.track", "pk": 8, "fields": {"album": 5, "number": 1, "name": "d23", "create_date": "2021-03-12"}}, {"model": "TheApp.track", "pk": 9, "fields": {"album": 6, "number": 1, "name": "apple", "create_date": "2021-03-07"}}, {"model": "TheApp.track", "pk": 10, "fields": {"album": 6, "number": 2, "name": "help", "create_date": "2021-03-07"}}, {"model": "TheApp.track", "pk": 11, "fields": {"album": 6, "number": 3, "name": "fish pie", "create_date": "2021-03-07"}}]