[
{
  "model": "TheApp.userprofile",
  "pk": 1,
  "fields": {
    "user": 3,
    "user_type": "user"
  }
},
{
  "model": "TheApp.userprofile",
  "pk": 2,
  "fields": {
    "user": 4,
    "user_type": "user"
  }
},
{
  "model": "TheApp.userprofile",
  "pk": 3,
  "fields": {
    "user": 5,
    "user_type": "user"
  }
},
{
  "model": "TheApp.userprofile",
  "pk": 4,
  "fields": {
    "user": 6,
    "user_type": "user"
  }
},
{
  "model": "TheApp.user_type",
  "pk": 1,
  "fields": {
    "name": "admin",
    "slug": "admin"
  }
},
{
  "model": "TheApp.user_type",
  "pk": 2,
  "fields": {
    "name": "user",
    "slug": "user"
  }
},
{
  "model": "TheApp.menuitems",
  "pk": 1,
  "fields": {
    "name": "user login",
    "slug": "user-login",
    "url": "user_login_call",
    "app": "TheApp",
    "authenticated_only": false
  }
},
{
  "model": "TheApp.menuitems",
  "pk": 2,
  "fields": {
    "name": "about",
    "slug": "about",
    "url": "about",
    "app": "TheApp",
    "authenticated_only": false
  }
},
{
  "model": "TheApp.menuitems",
  "pk": 3,
  "fields": {
    "name": "Create Category",
    "slug": "create-category",
    "url": "CreateCategory",
    "app": "TheApp",
    "authenticated_only": true
  }
},
{
  "model": "TheApp.menuitems",
  "pk": 4,
  "fields": {
    "name": "user logout",
    "slug": "user-logout",
    "url": "user_logout",
    "app": "TheApp",
    "authenticated_only": true
  }
},
{
  "model": "TheApp.menuitems",
  "pk": 5,
  "fields": {
    "name": "register",
    "slug": "register",
    "url": "register",
    "app": "TheApp",
    "authenticated_only": false
  }
},
{
  "model": "TheApp.menuitems",
  "pk": 6,
  "fields": {
    "name": "Create Film Genre",
    "slug": "create-film-genre",
    "url": "CreateFilmGenre",
    "app": "TheApp",
    "authenticated_only": true
  }
},
{
  "model": "TheApp.menuitems",
  "pk": 7,
  "fields": {
    "name": "List Film Genres",
    "slug": "list-film-genres",
    "url": "FilmGenreListView",
    "app": "TheApp",
    "authenticated_only": true
  }
},
{
  "model": "TheApp.menuitems",
  "pk": 8,
  "fields": {
    "name": "Leave us a message",
    "slug": "leave-us-a-message",
    "url": "CreateMessage",
    "app": "TheApp",
    "authenticated_only": false
  }
},
{
  "model": "TheApp.menuitems",
  "pk": 9,
  "fields": {
    "name": "Product List",
    "slug": "product-list",
    "url": "ProductList",
    "app": "TheApp",
    "authenticated_only": false
  }
},
{
  "model": "TheApp.language",
  "pk": 1,
  "fields": {
    "name": "English",
    "slug": "english"
  }
},
{
  "model": "TheApp.language",
  "pk": 2,
  "fields": {
    "name": "Chinese",
    "slug": "chinese"
  }
},
{
  "model": "TheApp.language",
  "pk": 3,
  "fields": {
    "name": "French",
    "slug": "french"
  }
},
{
  "model": "TheApp.filmgenre",
  "pk": 1,
  "fields": {
    "name": "action",
    "slug": "action"
  }
},
{
  "model": "TheApp.filmgenre",
  "pk": 2,
  "fields": {
    "name": "science fiction",
    "slug": "science-fiction"
  }
},
{
  "model": "TheApp.filmgenre",
  "pk": 3,
  "fields": {
    "name": "romance",
    "slug": "romance"
  }
},
{
  "model": "TheApp.category",
  "pk": 1,
  "fields": {
    "name": "Food",
    "views": 0,
    "likes": 1,
    "slug": "food",
    "required": false
  }
},
{
  "model": "TheApp.category",
  "pk": 2,
  "fields": {
    "name": "cars",
    "views": 0,
    "likes": 0,
    "slug": "cars",
    "required": null
  }
},
{
  "model": "TheApp.category",
  "pk": 3,
  "fields": {
    "name": "Animals",
    "views": 0,
    "likes": 0,
    "slug": "animals",
    "required": null
  }
},
{
  "model": "TheApp.category",
  "pk": 4,
  "fields": {
    "name": "bikes",
    "views": 0,
    "likes": 0,
    "slug": "bikes",
    "required": null
  }
},
{
  "model": "TheApp.category",
  "pk": 5,
  "fields": {
    "name": "plants",
    "views": 0,
    "likes": 0,
    "slug": "plants",
    "required": null
  }
},
{
  "model": "TheApp.category",
  "pk": 6,
  "fields": {
    "name": "fungi",
    "views": 0,
    "likes": 0,
    "slug": "fungi",
    "required": null
  }
},
{
  "model": "TheApp.category",
  "pk": 7,
  "fields": {
    "name": "rolling stones",
    "views": 0,
    "likes": 6,
    "slug": "rolling-stones",
    "required": null
  }
},
{
  "model": "TheApp.category",
  "pk": 8,
  "fields": {
    "name": "planes",
    "views": 0,
    "likes": 0,
    "slug": "planes",
    "required": null
  }
},
{
  "model": "TheApp.category",
  "pk": 9,
  "fields": {
    "name": "pens",
    "views": 0,
    "likes": 1,
    "slug": "pens",
    "required": true
  }
},
{
  "model": "TheApp.product",
  "pk": 1,
  "fields": {
    "category": 1,
    "name": "apple pie",
    "likes": 3,
    "user": 1
  }
},
{
  "model": "TheApp.product",
  "pk": 2,
  "fields": {
    "category": 1,
    "name": "chicken pie",
    "likes": 0,
    "user": 1
  }
},
{
  "model": "TheApp.product",
  "pk": 3,
  "fields": {
    "category": 1,
    "name": "chicken pie",
    "likes": 0,
    "user": null
  }
},
{
  "model": "TheApp.product",
  "pk": 4,
  "fields": {
    "category": 1,
    "name": "beef pie",
    "likes": 0,
    "user": null
  }
},
{
  "model": "TheApp.product",
  "pk": 5,
  "fields": {
    "category": 1,
    "name": "fish pie",
    "likes": 0,
    "user": 1
  }
},
{
  "model": "TheApp.product",
  "pk": 6,
  "fields": {
    "category": 1,
    "name": "cheese pie",
    "likes": 0,
    "user": 1
  }
},
{
  "model": "TheApp.product",
  "pk": 7,
  "fields": {
    "category": 1,
    "name": "strawberry pie",
    "likes": 0,
    "user": 1
  }
},
{
  "model": "TheApp.product",
  "pk": 8,
  "fields": {
    "category": 1,
    "name": "curry pie",
    "likes": 0,
    "user": 1
  }
},
{
  "model": "TheApp.product",
  "pk": 9,
  "fields": {
    "category": 1,
    "name": "strawberry",
    "likes": 1,
    "user": 1
  }
},
{
  "model": "TheApp.product",
  "pk": 10,
  "fields": {
    "category": 1,
    "name": "apple pie2",
    "likes": 1,
    "user": 1
  }
},
{
  "model": "TheApp.product",
  "pk": 11,
  "fields": {
    "category": 1,
    "name": "apple pie3",
    "likes": 0,
    "user": 1
  }
},
{
  "model": "TheApp.product",
  "pk": 12,
  "fields": {
    "category": 1,
    "name": "apple pie6",
    "likes": 0,
    "user": 1
  }
},
{
  "model": "TheApp.product",
  "pk": 13,
  "fields": {
    "category": 1,
    "name": "apple pie1a",
    "likes": 0,
    "user": 1
  }
},
{
  "model": "TheApp.product",
  "pk": 14,
  "fields": {
    "category": 1,
    "name": "apple pie9a",
    "likes": 0,
    "user": 1
  }
},
{
  "model": "TheApp.product",
  "pk": 15,
  "fields": {
    "category": 1,
    "name": "apple pie15",
    "likes": 2,
    "user": 1
  }
},
{
  "model": "TheApp.product",
  "pk": 16,
  "fields": {
    "category": 4,
    "name": "d1",
    "likes": 1,
    "user": 1
  }
},
{
  "model": "TheApp.product",
  "pk": 17,
  "fields": {
    "category": 4,
    "name": "grifter",
    "likes": 4,
    "user": 1
  }
},
{
  "model": "TheApp.product",
  "pk": 18,
  "fields": {
    "category": 1,
    "name": "apple pie7ab",
    "likes": 8,
    "user": 1
  }
},
{
  "model": "TheApp.product",
  "pk": 19,
  "fields": {
    "category": 1,
    "name": "apple pie15a",
    "likes": 21,
    "user": 1
  }
},
{
  "model": "TheApp.product",
  "pk": 20,
  "fields": {
    "category": 1,
    "name": "apple pie11aa",
    "likes": 0,
    "user": 1
  }
},
{
  "model": "TheApp.product",
  "pk": 21,
  "fields": {
    "category": 1,
    "name": "apple pie",
    "likes": 0,
    "user": 1
  }
},
{
  "model": "TheApp.product",
  "pk": 22,
  "fields": {
    "category": 1,
    "name": "apple pie",
    "likes": 0,
    "user": 1
  }
},
{
  "model": "TheApp.product",
  "pk": 23,
  "fields": {
    "category": 1,
    "name": "apple pie",
    "likes": 0,
    "user": 1
  }
},
{
  "model": "TheApp.product",
  "pk": 24,
  "fields": {
    "category": 1,
    "name": "apple pie11a",
    "likes": 0,
    "user": 1
  }
},
{
  "model": "TheApp.product",
  "pk": 25,
  "fields": {
    "category": 1,
    "name": "apple pie11aab",
    "likes": 0,
    "user": 1
  }
},
{
  "model": "TheApp.product",
  "pk": 26,
  "fields": {
    "category": 1,
    "name": "apple pie12ab",
    "likes": 0,
    "user": 1
  }
},
{
  "model": "TheApp.product",
  "pk": 27,
  "fields": {
    "category": 1,
    "name": "apple pie11ac",
    "likes": 0,
    "user": 1
  }
},
{
  "model": "TheApp.product",
  "pk": 28,
  "fields": {
    "category": 1,
    "name": "apple pie11ad",
    "likes": 1,
    "user": 1
  }
},
{
  "model": "TheApp.product",
  "pk": 29,
  "fields": {
    "category": 1,
    "name": "apple pie11ae",
    "likes": 1,
    "user": 1
  }
},
{
  "model": "TheApp.product",
  "pk": 30,
  "fields": {
    "category": 1,
    "name": "apple pie11af",
    "likes": 0,
    "user": 1
  }
},
{
  "model": "TheApp.product",
  "pk": 31,
  "fields": {
    "category": 1,
    "name": "apple pie12ac",
    "likes": 0,
    "user": 1
  }
},
{
  "model": "TheApp.product",
  "pk": 32,
  "fields": {
    "category": 1,
    "name": "apple pie12ad",
    "likes": 0,
    "user": 1
  }
},
{
  "model": "TheApp.product",
  "pk": 33,
  "fields": {
    "category": 1,
    "name": "apple pie12ae",
    "likes": 0,
    "user": 1
  }
},
{
  "model": "TheApp.product",
  "pk": 34,
  "fields": {
    "category": 1,
    "name": "apple pie20210308a",
    "likes": 0,
    "user": 1
  }
},
{
  "model": "TheApp.product",
  "pk": 35,
  "fields": {
    "category": 1,
    "name": "apple pie20210308b",
    "likes": 0,
    "user": 1
  }
},
{
  "model": "TheApp.product",
  "pk": 36,
  "fields": {
    "category": 1,
    "name": "apple pie20210308d",
    "likes": 0,
    "user": 1
  }
},
{
  "model": "TheApp.product",
  "pk": 37,
  "fields": {
    "category": 1,
    "name": "apple pie20210308e",
    "likes": 0,
    "user": 1
  }
},
{
  "model": "TheApp.product",
  "pk": 38,
  "fields": {
    "category": 1,
    "name": "apple pie20210308e",
    "likes": 0,
    "user": 1
  }
},
{
  "model": "TheApp.product",
  "pk": 39,
  "fields": {
    "category": 1,
    "name": "apple pie20210308f",
    "likes": 0,
    "user": 1
  }
},
{
  "model": "TheApp.product",
  "pk": 40,
  "fields": {
    "category": 1,
    "name": "apple pie20210308g",
    "likes": 0,
    "user": 1
  }
},
{
  "model": "TheApp.product",
  "pk": 41,
  "fields": {
    "category": 1,
    "name": "apple",
    "likes": 0,
    "user": 1
  }
},
{
  "model": "TheApp.product",
  "pk": 42,
  "fields": {
    "category": 1,
    "name": "apple pie20210308h",
    "likes": 0,
    "user": 1
  }
},
{
  "model": "TheApp.product",
  "pk": 43,
  "fields": {
    "category": 1,
    "name": "apple pie20210308i",
    "likes": 0,
    "user": 1
  }
},
{
  "model": "TheApp.product",
  "pk": 44,
  "fields": {
    "category": 1,
    "name": "apple",
    "likes": 0,
    "user": 1
  }
},
{
  "model": "TheApp.product",
  "pk": 45,
  "fields": {
    "category": 1,
    "name": "apple",
    "likes": 0,
    "user": 1
  }
},
{
  "model": "TheApp.product",
  "pk": 46,
  "fields": {
    "category": 1,
    "name": "apple",
    "likes": 0,
    "user": 1
  }
},
{
  "model": "TheApp.product",
  "pk": 47,
  "fields": {
    "category": 1,
    "name": "apple",
    "likes": 0,
    "user": 1
  }
},
{
  "model": "TheApp.product",
  "pk": 48,
  "fields": {
    "category": 1,
    "name": "apple",
    "likes": 0,
    "user": 1
  }
},
{
  "model": "TheApp.product",
  "pk": 49,
  "fields": {
    "category": 1,
    "name": "apple",
    "likes": 0,
    "user": 1
  }
},
{
  "model": "TheApp.product",
  "pk": 50,
  "fields": {
    "category": 1,
    "name": "apple",
    "likes": 0,
    "user": 1
  }
},
{
  "model": "TheApp.product",
  "pk": 51,
  "fields": {
    "category": 1,
    "name": "apple",
    "likes": 0,
    "user": 1
  }
},
{
  "model": "TheApp.product",
  "pk": 52,
  "fields": {
    "category": 1,
    "name": "apple",
    "likes": 0,
    "user": 1
  }
},
{
  "model": "TheApp.product",
  "pk": 53,
  "fields": {
    "category": 1,
    "name": "apple",
    "likes": 0,
    "user": 1
  }
},
{
  "model": "TheApp.product",
  "pk": 54,
  "fields": {
    "category": 1,
    "name": "apple pie20210310a",
    "likes": 0,
    "user": 1
  }
},
{
  "model": "TheApp.product",
  "pk": 55,
  "fields": {
    "category": 1,
    "name": "apple pie20210310b",
    "likes": 0,
    "user": 1
  }
},
{
  "model": "TheApp.product",
  "pk": 56,
  "fields": {
    "category": 1,
    "name": "apple pie20210310c",
    "likes": 0,
    "user": 1
  }
},
{
  "model": "TheApp.product",
  "pk": 57,
  "fields": {
    "category": 1,
    "name": "apple pie20210310d",
    "likes": 0,
    "user": 1
  }
},
{
  "model": "TheApp.product",
  "pk": 58,
  "fields": {
    "category": 1,
    "name": "apple pie20210310e",
    "likes": 1,
    "user": 1
  }
},
{
  "model": "TheApp.product",
  "pk": 59,
  "fields": {
    "category": 1,
    "name": "apple pie",
    "likes": 1,
    "user": 1
  }
},
{
  "model": "TheApp.product",
  "pk": 60,
  "fields": {
    "category": 1,
    "name": "apple pie",
    "likes": 0,
    "user": 1
  }
},
{
  "model": "TheApp.product",
  "pk": 61,
  "fields": {
    "category": 1,
    "name": "apple pie",
    "likes": 0,
    "user": 1
  }
},
{
  "model": "TheApp.product",
  "pk": 62,
  "fields": {
    "category": 1,
    "name": "apple pie",
    "likes": 0,
    "user": 1
  }
},
{
  "model": "TheApp.product",
  "pk": 63,
  "fields": {
    "category": 1,
    "name": "apple pie20210308e",
    "likes": 0,
    "user": 1
  }
},
{
  "model": "TheApp.product",
  "pk": 64,
  "fields": {
    "category": 1,
    "name": "apple pie",
    "likes": 0,
    "user": 1
  }
},
{
  "model": "TheApp.product",
  "pk": 65,
  "fields": {
    "category": 1,
    "name": "apple pie20210308e",
    "likes": 0,
    "user": 1
  }
},
{
  "model": "TheApp.product",
  "pk": 66,
  "fields": {
    "category": 1,
    "name": "apple",
    "likes": 0,
    "user": 1
  }
},
{
  "model": "TheApp.product",
  "pk": 67,
  "fields": {
    "category": 1,
    "name": "apple",
    "likes": 0,
    "user": 1
  }
},
{
  "model": "TheApp.product",
  "pk": 68,
  "fields": {
    "category": 1,
    "name": "apple",
    "likes": 0,
    "user": 1
  }
},
{
  "model": "TheApp.product",
  "pk": 69,
  "fields": {
    "category": 1,
    "name": "apple pie",
    "likes": 0,
    "user": 1
  }
},
{
  "model": "TheApp.product",
  "pk": 70,
  "fields": {
    "category": 1,
    "name": "apple pie",
    "likes": 0,
    "user": 1
  }
},
{
  "model": "TheApp.product",
  "pk": 71,
  "fields": {
    "category": 1,
    "name": "apple pie",
    "likes": 0,
    "user": 1
  }
},
{
  "model": "TheApp.product",
  "pk": 72,
  "fields": {
    "category": 1,
    "name": "apple pie",
    "likes": 0,
    "user": 1
  }
},
{
  "model": "TheApp.product",
  "pk": 73,
  "fields": {
    "category": 1,
    "name": "apple pie20210308ef",
    "likes": 0,
    "user": 1
  }
},
{
  "model": "TheApp.product",
  "pk": 74,
  "fields": {
    "category": 1,
    "name": "apple pie20210308e",
    "likes": 0,
    "user": 1
  }
},
{
  "model": "TheApp.product",
  "pk": 75,
  "fields": {
    "category": 1,
    "name": "apple pie20210308e",
    "likes": 0,
    "user": 1
  }
},
{
  "model": "TheApp.product",
  "pk": 76,
  "fields": {
    "category": 1,
    "name": "apple pie20210318a",
    "likes": 0,
    "user": 1
  }
},
{
  "model": "TheApp.product",
  "pk": 77,
  "fields": {
    "category": 1,
    "name": "apple pie",
    "likes": 0,
    "user": 1
  }
},
{
  "model": "TheApp.product",
  "pk": 78,
  "fields": {
    "category": 1,
    "name": "apple pie",
    "likes": 0,
    "user": 1
  }
},
{
  "model": "TheApp.product",
  "pk": 79,
  "fields": {
    "category": 1,
    "name": "apple pie",
    "likes": 0,
    "user": 1
  }
},
{
  "model": "TheApp.product",
  "pk": 80,
  "fields": {
    "category": 1,
    "name": "apple pie",
    "likes": 0,
    "user": 1
  }
},
{
  "model": "TheApp.product",
  "pk": 81,
  "fields": {
    "category": 1,
    "name": "apple pie",
    "likes": 0,
    "user": 1
  }
},
{
  "model": "TheApp.product",
  "pk": 82,
  "fields": {
    "category": 1,
    "name": "apple pie",
    "likes": 0,
    "user": 1
  }
},
{
  "model": "TheApp.product",
  "pk": 83,
  "fields": {
    "category": 1,
    "name": "apple pie20210311a",
    "likes": 0,
    "user": 1
  }
},
{
  "model": "TheApp.product",
  "pk": 84,
  "fields": {
    "category": 1,
    "name": "apple pie20210311c",
    "likes": 0,
    "user": 1
  }
},
{
  "model": "TheApp.product",
  "pk": 85,
  "fields": {
    "category": 1,
    "name": "apple pie20210311d",
    "likes": 0,
    "user": 1
  }
},
{
  "model": "TheApp.product",
  "pk": 86,
  "fields": {
    "category": 1,
    "name": "apple pie",
    "likes": 0,
    "user": 1
  }
},
{
  "model": "TheApp.product",
  "pk": 87,
  "fields": {
    "category": 1,
    "name": "apple pie",
    "likes": 0,
    "user": 1
  }
},
{
  "model": "TheApp.product",
  "pk": 88,
  "fields": {
    "category": 1,
    "name": "apple pie",
    "likes": 0,
    "user": 1
  }
},
{
  "model": "TheApp.product",
  "pk": 89,
  "fields": {
    "category": 1,
    "name": "apple pie",
    "likes": 0,
    "user": 1
  }
},
{
  "model": "TheApp.product",
  "pk": 90,
  "fields": {
    "category": 1,
    "name": "apple pie",
    "likes": 6,
    "user": 1
  }
},
{
  "model": "TheApp.product",
  "pk": 91,
  "fields": {
    "category": 1,
    "name": "apple pie20210311e",
    "likes": 5,
    "user": 1
  }
},
{
  "model": "TheApp.product",
  "pk": 92,
  "fields": {
    "category": 1,
    "name": "apple pie20210311f",
    "likes": 7,
    "user": 1
  }
},
{
  "model": "TheApp.product",
  "pk": 93,
  "fields": {
    "category": 1,
    "name": "apple pie",
    "likes": 0,
    "user": 1
  }
},
{
  "model": "TheApp.product",
  "pk": 94,
  "fields": {
    "category": 1,
    "name": "apple pie",
    "likes": 0,
    "user": 1
  }
},
{
  "model": "TheApp.product",
  "pk": 95,
  "fields": {
    "category": 1,
    "name": "apple pie20210312",
    "likes": 5,
    "user": 1
  }
},
{
  "model": "TheApp.product",
  "pk": 96,
  "fields": {
    "category": 1,
    "name": "apple pie20210312a",
    "likes": 1,
    "user": 1
  }
},
{
  "model": "TheApp.product",
  "pk": 97,
  "fields": {
    "category": 1,
    "name": "apple pie",
    "likes": 2,
    "user": 1
  }
},
{
  "model": "TheApp.product",
  "pk": 98,
  "fields": {
    "category": 1,
    "name": "apple pie",
    "likes": 0,
    "user": 1
  }
},
{
  "model": "TheApp.product",
  "pk": 99,
  "fields": {
    "category": 1,
    "name": "apple pie20210312aa",
    "likes": 0,
    "user": 1
  }
},
{
  "model": "TheApp.product",
  "pk": 100,
  "fields": {
    "category": 1,
    "name": "apple pie20210312c",
    "likes": 0,
    "user": 1
  }
},
{
  "model": "TheApp.product",
  "pk": 101,
  "fields": {
    "category": 1,
    "name": "apple pie20210312e",
    "likes": 0,
    "user": 1
  }
},
{
  "model": "TheApp.product",
  "pk": 102,
  "fields": {
    "category": 1,
    "name": "apple pie20210312g",
    "likes": 0,
    "user": 1
  }
},
{
  "model": "TheApp.product",
  "pk": 103,
  "fields": {
    "category": 1,
    "name": "apple pie20210312J",
    "likes": 0,
    "user": 1
  }
},
{
  "model": "TheApp.product",
  "pk": 104,
  "fields": {
    "category": 1,
    "name": "apple pie20210312K",
    "likes": 0,
    "user": 1
  }
},
{
  "model": "TheApp.product",
  "pk": 105,
  "fields": {
    "category": 1,
    "name": "apple pie20210312n",
    "likes": 0,
    "user": 1
  }
},
{
  "model": "TheApp.product",
  "pk": 106,
  "fields": {
    "category": 1,
    "name": "apple pie20210313a",
    "likes": 0,
    "user": 1
  }
},
{
  "model": "TheApp.product",
  "pk": 107,
  "fields": {
    "category": 1,
    "name": "apple pie20210313b",
    "likes": 0,
    "user": 1
  }
},
{
  "model": "TheApp.product",
  "pk": 108,
  "fields": {
    "category": 1,
    "name": "apple pie20210313c",
    "likes": 0,
    "user": 1
  }
},
{
  "model": "TheApp.product",
  "pk": 109,
  "fields": {
    "category": 1,
    "name": "apple",
    "likes": 0,
    "user": 1
  }
},
{
  "model": "TheApp.product",
  "pk": 110,
  "fields": {
    "category": 1,
    "name": "apple",
    "likes": 0,
    "user": 1
  }
},
{
  "model": "TheApp.product",
  "pk": 111,
  "fields": {
    "category": 1,
    "name": "apple",
    "likes": 0,
    "user": 1
  }
},
{
  "model": "TheApp.product",
  "pk": 112,
  "fields": {
    "category": 1,
    "name": "apple",
    "likes": 0,
    "user": 1
  }
},
{
  "model": "TheApp.product",
  "pk": 113,
  "fields": {
    "category": 1,
    "name": "apple",
    "likes": 0,
    "user": 1
  }
},
{
  "model": "TheApp.product",
  "pk": 114,
  "fields": {
    "category": 1,
    "name": "apple",
    "likes": 0,
    "user": 1
  }
},
{
  "model": "TheApp.product",
  "pk": 115,
  "fields": {
    "category": 1,
    "name": "apple",
    "likes": 0,
    "user": 1
  }
},
{
  "model": "TheApp.product",
  "pk": 116,
  "fields": {
    "category": 1,
    "name": "apple",
    "likes": 0,
    "user": 1
  }
},
{
  "model": "TheApp.product",
  "pk": 117,
  "fields": {
    "category": 1,
    "name": "apple",
    "likes": 0,
    "user": 1
  }
},
{
  "model": "TheApp.product",
  "pk": 118,
  "fields": {
    "category": 1,
    "name": "apple",
    "likes": 0,
    "user": 1
  }
},
{
  "model": "TheApp.product",
  "pk": 119,
  "fields": {
    "category": 1,
    "name": "apple pie20210312",
    "likes": 0,
    "user": 1
  }
},
{
  "model": "TheApp.product",
  "pk": 120,
  "fields": {
    "category": 1,
    "name": "apple pie20210312",
    "likes": 0,
    "user": 1
  }
},
{
  "model": "TheApp.product",
  "pk": 121,
  "fields": {
    "category": 1,
    "name": "apple pie20210313r",
    "likes": 0,
    "user": 1
  }
},
{
  "model": "TheApp.product",
  "pk": 122,
  "fields": {
    "category": 1,
    "name": "apple pie20210308e",
    "likes": 0,
    "user": 1
  }
},
{
  "model": "TheApp.product",
  "pk": 123,
  "fields": {
    "category": 1,
    "name": "apple pie20210313f",
    "likes": 0,
    "user": 1
  }
},
{
  "model": "TheApp.product",
  "pk": 124,
  "fields": {
    "category": 1,
    "name": "apple",
    "likes": 0,
    "user": 1
  }
},
{
  "model": "TheApp.product",
  "pk": 125,
  "fields": {
    "category": 1,
    "name": "apple",
    "likes": 0,
    "user": 1
  }
},
{
  "model": "TheApp.product",
  "pk": 126,
  "fields": {
    "category": 1,
    "name": "apple",
    "likes": 0,
    "user": 1
  }
},
{
  "model": "TheApp.product",
  "pk": 127,
  "fields": {
    "category": 1,
    "name": "apple",
    "likes": 0,
    "user": 1
  }
},
{
  "model": "TheApp.product",
  "pk": 128,
  "fields": {
    "category": 1,
    "name": "apple",
    "likes": 0,
    "user": 1
  }
},
{
  "model": "TheApp.product",
  "pk": 129,
  "fields": {
    "category": 1,
    "name": "apple pie20210308e",
    "likes": 1,
    "user": 1
  }
},
{
  "model": "TheApp.product",
  "pk": 130,
  "fields": {
    "category": 1,
    "name": "apple pie20210308e",
    "likes": 0,
    "user": 1
  }
},
{
  "model": "TheApp.product",
  "pk": 131,
  "fields": {
    "category": 1,
    "name": "apple pie20210315",
    "likes": 0,
    "user": 1
  }
},
{
  "model": "TheApp.product",
  "pk": 132,
  "fields": {
    "category": 1,
    "name": "apple pie20210315a",
    "likes": 0,
    "user": 1
  }
},
{
  "model": "TheApp.product",
  "pk": 133,
  "fields": {
    "category": 1,
    "name": "apple pie20210315b",
    "likes": 0,
    "user": 1
  }
},
{
  "model": "TheApp.product",
  "pk": 134,
  "fields": {
    "category": 1,
    "name": "apple pie20210315c",
    "likes": 0,
    "user": 1
  }
},
{
  "model": "TheApp.product",
  "pk": 135,
  "fields": {
    "category": 1,
    "name": "apple pie20210315d",
    "likes": 0,
    "user": 1
  }
},
{
  "model": "TheApp.product",
  "pk": 136,
  "fields": {
    "category": 1,
    "name": "apple pie20210315e",
    "likes": 0,
    "user": 1
  }
},
{
  "model": "TheApp.product",
  "pk": 137,
  "fields": {
    "category": 1,
    "name": "apple",
    "likes": 2,
    "user": 1
  }
},
{
  "model": "TheApp.product",
  "pk": 138,
  "fields": {
    "category": 1,
    "name": "apple",
    "likes": 0,
    "user": 1
  }
},
{
  "model": "TheApp.product",
  "pk": 139,
  "fields": {
    "category": 1,
    "name": "apple",
    "likes": 7,
    "user": 1
  }
},
{
  "model": "TheApp.product",
  "pk": 140,
  "fields": {
    "category": 1,
    "name": "apple",
    "likes": 0,
    "user": 1
  }
},
{
  "model": "TheApp.product",
  "pk": 141,
  "fields": {
    "category": 1,
    "name": "apple",
    "likes": 0,
    "user": 1
  }
},
{
  "model": "TheApp.product",
  "pk": 142,
  "fields": {
    "category": 1,
    "name": "apple",
    "likes": 0,
    "user": 1
  }
},
{
  "model": "TheApp.product",
  "pk": 143,
  "fields": {
    "category": 1,
    "name": "apple",
    "likes": 0,
    "user": 1
  }
},
{
  "model": "TheApp.product",
  "pk": 144,
  "fields": {
    "category": 1,
    "name": "apple",
    "likes": 0,
    "user": 1
  }
},
{
  "model": "TheApp.product",
  "pk": 145,
  "fields": {
    "category": 1,
    "name": "apple pie20210312",
    "likes": 0,
    "user": 1
  }
},
{
  "model": "TheApp.product",
  "pk": 146,
  "fields": {
    "category": 1,
    "name": "apple pie20210315e",
    "likes": 0,
    "user": 1
  }
},
{
  "model": "TheApp.product",
  "pk": 147,
  "fields": {
    "category": 1,
    "name": "apple pie20210315f",
    "likes": 0,
    "user": 1
  }
},
{
  "model": "TheApp.product",
  "pk": 148,
  "fields": {
    "category": 1,
    "name": "apple pie20210315g",
    "likes": 0,
    "user": 1
  }
},
{
  "model": "TheApp.product",
  "pk": 149,
  "fields": {
    "category": 1,
    "name": "apple pie20210315h",
    "likes": 10,
    "user": 1
  }
},
{
  "model": "TheApp.product",
  "pk": 150,
  "fields": {
    "category": 1,
    "name": "apple pie20210315i",
    "likes": 1,
    "user": 1
  }
},
{
  "model": "TheApp.product",
  "pk": 151,
  "fields": {
    "category": 1,
    "name": "apple pie20210315j",
    "likes": 0,
    "user": 1
  }
},
{
  "model": "TheApp.product",
  "pk": 152,
  "fields": {
    "category": 1,
    "name": "apple pie20210315k",
    "likes": 0,
    "user": 1
  }
},
{
  "model": "TheApp.product",
  "pk": 153,
  "fields": {
    "category": 1,
    "name": "apple pie20210315L",
    "likes": 0,
    "user": 1
  }
},
{
  "model": "TheApp.product",
  "pk": 154,
  "fields": {
    "category": 1,
    "name": "apple pie20210315M",
    "likes": 0,
    "user": 1
  }
},
{
  "model": "TheApp.product",
  "pk": 155,
  "fields": {
    "category": 1,
    "name": "apple pie20210315N",
    "likes": 0,
    "user": 1
  }
},
{
  "model": "TheApp.product",
  "pk": 156,
  "fields": {
    "category": 1,
    "name": "apple pie",
    "likes": 0,
    "user": 1
  }
},
{
  "model": "TheApp.product",
  "pk": 157,
  "fields": {
    "category": 1,
    "name": "apple pie20210312",
    "likes": 0,
    "user": 1
  }
},
{
  "model": "TheApp.product",
  "pk": 158,
  "fields": {
    "category": 1,
    "name": "apple pie20210315o",
    "likes": 0,
    "user": 1
  }
},
{
  "model": "TheApp.product",
  "pk": 159,
  "fields": {
    "category": 1,
    "name": "apple pie20210315P",
    "likes": 11,
    "user": 1
  }
},
{
  "model": "TheApp.cartheader",
  "pk": 1,
  "fields": {
    "user": 1,
    "create_date": "2021-03-22"
  }
},
{
  "model": "TheApp.cartheader",
  "pk": 2,
  "fields": {
    "user": 1,
    "create_date": "2021-03-22"
  }
},
{
  "model": "TheApp.cartheader",
  "pk": 3,
  "fields": {
    "user": 1,
    "create_date": "2021-03-22"
  }
},
{
  "model": "TheApp.cartheader",
  "pk": 4,
  "fields": {
    "user": 1,
    "create_date": "2021-03-22"
  }
},
{
  "model": "TheApp.cartheader",
  "pk": 5,
  "fields": {
    "user": 1,
    "create_date": "2021-03-22"
  }
},
{
  "model": "TheApp.cartheader",
  "pk": 6,
  "fields": {
    "user": 1,
    "create_date": "2021-03-22"
  }
},
{
  "model": "TheApp.cartheader",
  "pk": 7,
  "fields": {
    "user": 1,
    "create_date": "2021-03-22"
  }
},
{
  "model": "TheApp.cartheader",
  "pk": 8,
  "fields": {
    "user": 1,
    "create_date": "2021-03-22"
  }
},
{
  "model": "TheApp.cartheader",
  "pk": 9,
  "fields": {
    "user": 1,
    "create_date": "2021-03-22"
  }
},
{
  "model": "TheApp.cartheader",
  "pk": 10,
  "fields": {
    "user": 1,
    "create_date": "2021-03-22"
  }
},
{
  "model": "TheApp.cartheader",
  "pk": 11,
  "fields": {
    "user": 1,
    "create_date": "2021-03-22"
  }
},
{
  "model": "TheApp.cartheader",
  "pk": 12,
  "fields": {
    "user": 1,
    "create_date": "2021-03-22"
  }
},
{
  "model": "TheApp.cartheader",
  "pk": 13,
  "fields": {
    "user": null,
    "create_date": "2021-03-22"
  }
},
{
  "model": "TheApp.cartheader",
  "pk": 14,
  "fields": {
    "user": null,
    "create_date": "2021-03-22"
  }
},
{
  "model": "TheApp.cartheader",
  "pk": 15,
  "fields": {
    "user": 1,
    "create_date": "2021-03-23"
  }
},
{
  "model": "TheApp.cartheader",
  "pk": 16,
  "fields": {
    "user": 5,
    "create_date": "2021-03-23"
  }
},
{
  "model": "TheApp.cartheader",
  "pk": 17,
  "fields": {
    "user": null,
    "create_date": "2021-03-23"
  }
},
{
  "model": "TheApp.cartheader",
  "pk": 18,
  "fields": {
    "user": null,
    "create_date": "2021-03-24"
  }
},
{
  "model": "TheApp.cartheader",
  "pk": 19,
  "fields": {
    "user": 3,
    "create_date": "2021-03-24"
  }
},
{
  "model": "TheApp.cartheader",
  "pk": 20,
  "fields": {
    "user": 1,
    "create_date": "2021-03-25"
  }
},
{
  "model": "TheApp.cartheader",
  "pk": 21,
  "fields": {
    "user": 1,
    "create_date": "2021-03-29"
  }
},
{
  "model": "TheApp.cartheader",
  "pk": 22,
  "fields": {
    "user": null,
    "create_date": "2021-03-29"
  }
},
{
  "model": "TheApp.album",
  "pk": 1,
  "fields": {
    "title": "album1",
    "artist": "the beatles"
  }
},
{
  "model": "TheApp.album",
  "pk": 2,
  "fields": {
    "title": "abbey road",
    "artist": "t"
  }
},
{
  "model": "TheApp.album",
  "pk": 3,
  "fields": {
    "title": "album1",
    "artist": "the beatles"
  }
},
{
  "model": "TheApp.album",
  "pk": 4,
  "fields": {
    "title": "abbey road3",
    "artist": "the beatles"
  }
},
{
  "model": "TheApp.album",
  "pk": 5,
  "fields": {
    "title": "abbey road2",
    "artist": "the beatles"
  }
},
{
  "model": "TheApp.album",
  "pk": 6,
  "fields": {
    "title": "abbey road24",
    "artist": "the beatles"
  }
},
{
  "model": "auth.user",
  "pk": 1,
  "fields": {
    "password": "pbkdf2_sha256$216000$hFuWgRaAFxd2$Nsx35iPy5bTfbkcLcbpuKn1Qce5HzjhNvoDOrdnE73g=",
    "last_login": "2021-03-30T01:22:35.978Z",
    "is_superuser": true,
    "username": "user",
    "first_name": "",
    "last_name": "",
    "email": "user@gmail.com",
    "is_staff": true,
    "is_active": true,
    "date_joined": "2020-12-31T06:19:40.311Z",
    "groups": [],
    "user_permissions": []
  }
},
{
  "model": "auth.user",
  "pk": 3,
  "fields": {
    "password": "pbkdf2_sha256$216000$gaYBNneSWcmG$pJFHsaMFgOgU+46tx0owrO2tBa3t14bdqnKCftgVD/Q=",
    "last_login": "2021-03-29T10:11:35.378Z",
    "is_superuser": false,
    "username": "user1",
    "first_name": "",
    "last_name": "",
    "email": "user1@gmail.com",
    "is_staff": false,
    "is_active": true,
    "date_joined": "2021-01-08T06:59:59.684Z",
    "groups": [],
    "user_permissions": []
  }
},
{
  "model": "auth.user",
  "pk": 4,
  "fields": {
    "password": "pbkdf2_sha256$216000$KknM5hDXkpII$IxLQKDIwDpGHnQRyF+UNdieWCbYMWR0y8u33LWuyAGg=",
    "last_login": null,
    "is_superuser": false,
    "username": "thunderdriver",
    "first_name": "",
    "last_name": "",
    "email": "george_choy@yahoo.com",
    "is_staff": false,
    "is_active": true,
    "date_joined": "2021-03-18T02:46:45.465Z",
    "groups": [],
    "user_permissions": []
  }
},
{
  "model": "auth.user",
  "pk": 5,
  "fields": {
    "password": "pbkdf2_sha256$216000$4lMRGqf4hliM$zhpsXqMi47K13N5n5BttstMImkrPRvKUrAsgvIVUto4=",
    "last_login": "2021-03-29T10:12:08.222Z",
    "is_superuser": false,
    "username": "user1a",
    "first_name": "",
    "last_name": "",
    "email": "user1@gmail.com",
    "is_staff": false,
    "is_active": true,
    "date_joined": "2021-03-18T02:47:48.123Z",
    "groups": [],
    "user_permissions": []
  }
},
{
  "model": "auth.user",
  "pk": 6,
  "fields": {
    "password": "pbkdf2_sha256$216000$bi2R99XMTG0v$ZUNodMOdm6XYET5ltdpi7kyJzpSHCkHvKRcWIyGkIxA=",
    "last_login": "2021-03-18T02:48:59.196Z",
    "is_superuser": false,
    "username": "user1b",
    "first_name": "",
    "last_name": "",
    "email": "user1@gmail.com",
    "is_staff": false,
    "is_active": true,
    "date_joined": "2021-03-18T02:48:58.643Z",
    "groups": [],
    "user_permissions": []
  }
}
]
